"avgsales","piecerate","encouragement","region"
1827.75862102666,1,1,1
1744.01374480373,0,0,2
1742.88677777411,0,0,3
1269.12637083409,1,1,4
1589.95539283845,0,1,5
1094.84823694896,0,0,6
1418.75760449176,1,1,7
1442.41536014603,0,1,8
1627.17521468417,1,1,9
1366.75937754534,1,1,10
1305.45083185442,1,0,11
1435.85257265174,0,0,12
1469.35977408001,0,0,13
1583.91340351234,1,1,14
1429.31613238261,0,0,15
1714.44184225724,1,1,16
1573.88786618793,0,0,17
1872.89285798564,1,1,18
1789.99663339181,1,1,19
872.293617457523,0,0,20
1652.03139425912,0,1,21
1752.16196465368,1,1,22
1585.84061641738,0,0,23
1338.08401238235,1,1,24
1550.30215701404,0,0,25
1203.40928008374,0,0,26
1795.15522552669,0,0,27
1602.22870539788,0,0,28
1724.54322700859,0,0,29
689.545507619993,1,1,30
1368.78907015099,0,0,31
1539.83350711721,0,0,32
1736.19877351711,1,1,33
1649.24129264047,0,0,34
1792.50683016273,0,0,35
981.45318752089,1,1,36
990.597386928134,1,1,37
1612.57543921085,1,1,38
1690.97272138187,1,0,39
1618.44576141015,1,1,40
1460.55764427328,0,0,41
1811.67836622162,1,1,42
1500.34498030591,1,1,43
1658.08439828856,1,1,44
1462.39552755151,1,1,45
1411.08638915708,1,1,46
1750.17974357657,1,1,47
1361.99834005742,0,0,48
1756.32248157548,0,0,49
1438.16496165221,1,1,50
1374.92786913076,1,1,51
1042.30352776624,0,0,52
1322.70144001658,1,1,53
1498.64094452592,0,0,54
1616.57014697545,0,0,55
1193.28838867495,1,0,56
978.316714090073,0,0,57
1873.1088395449,0,0,58
1747.80580570682,1,1,59
1571.58351800665,1,1,60
1689.35292267378,0,0,61
1190.06884992511,1,1,62
1634.35268621493,0,0,63
1648.43390815295,0,0,64
1100.85178726924,0,0,65
1542.6960257859,1,1,66
1139.38836900165,0,0,67
1481.99242818203,0,0,68
1640.58298064845,1,1,69
1384.02386387824,0,0,70
1465.44553533991,1,1,71
1749.5829379799,0,0,72
1309.69984703695,1,1,73
1743.3154596007,0,0,74
1161.33217450536,0,0,75
1849.80611090073,0,0,76
1865.82935143526,1,1,77
1608.31122202988,1,1,78
1770.62871629902,0,0,79
1283.29323383741,1,1,80
1532.99597870291,0,1,81
1357.36359639783,0,0,82
1677.2190748117,1,1,83
1369.92370957522,0,0,84
1888.41624826181,0,0,85
1493.85462137381,1,1,86
911.414737222076,0,0,87
1841.01734070368,1,1,88
1543.63358166717,0,0,89
1471.95000561455,0,0,90
1513.22909681569,0,0,91
1525.3629959625,0,0,92
1742.4137913314,0,0,93
1717.40229433116,1,1,94
1792.53989167126,1,1,95
1396.20386436457,0,1,96
1448.37021533552,1,1,97
1251.94643906095,0,0,98
1496.00925285597,0,0,99
1621.22615434342,1,1,100
1597.80609730377,1,1,101
682.778583543611,1,1,102
1207.56571977104,0,0,103
1801.94876553684,0,0,104
1554.21371243681,1,1,105
1821.47372128997,1,1,106
1654.86751168418,0,0,107
1626.81869786521,0,0,108
1775.79428109697,0,0,109
1697.72005907344,1,1,110
1677.85872895252,1,1,111
1565.58107775373,1,1,112
1602.31883795363,1,1,113
1301.70107891246,0,0,114
1627.26325247406,0,0,115
1201.61675481745,0,0,116
1114.94902520008,0,0,117
1373.82049241809,1,1,118
1838.41295238509,0,0,119
1830.6003992464,0,0,120
1838.22244916021,1,1,121
1741.72200409083,1,1,122
1261.9655029806,0,0,123
1827.01690709417,0,0,124
1780.64711004569,0,0,125
1436.81210661236,1,1,126
1677.82811773503,0,0,127
1791.27467636528,1,1,128
1711.36282985967,0,0,129
1677.8439131716,0,0,130
1301.3005476122,1,1,131
1193.71055412542,1,1,132
1536.75942888573,0,0,133
1159.54723408931,0,0,134
1332.86851060525,1,1,135
1286.5331464491,0,1,136
841.723326300338,1,1,137
1870.55085606155,1,1,138
1422.63971904259,1,1,139
1231.38736021611,1,1,140
1707.63205340049,1,1,141
1809.36234757877,1,1,142
1727.66894785879,0,1,143
1787.15529244771,0,0,144
1632.3505816617,0,0,145
1074.7487111732,1,1,146
1434.42699773782,0,0,147
1628.91179813093,0,0,148
1529.90875705638,1,1,149
1410.21475955532,0,0,150
1556.0100048426,1,1,151
1791.98371204696,1,1,152
1110.33153212339,1,1,153
1023.70834705634,0,0,154
1592.45026222316,1,0,155
1163.42699755714,1,1,156
1378.09193476842,1,0,157
1700.77671733141,1,1,158
1466.89182317014,0,0,159
1578.43824735129,0,0,160
1546.17878712381,0,0,161
1420.58270633947,0,0,162
1286.31853749755,1,1,163
1338.51340392412,0,0,164
1136.63878923947,1,1,165
1589.16649584024,0,1,166
1648.06090377022,0,0,167
1571.96950293189,0,0,168
1724.31770437344,0,0,169
1704.47422963217,1,1,170
1541.72361644359,0,0,171
1691.49688457911,1,1,172
1763.94377241351,0,1,173
1391.55654772744,0,1,174
1017.03415979433,0,0,175
1146.79831200655,0,0,176
1477.98208834963,1,1,177
1066.07172793803,1,1,178
1226.05695432582,1,1,179
1425.47892419818,1,1,180
1810.36403580528,0,1,181
1503.71380446765,0,0,182
1612.11090525352,1,0,183
1786.84366627213,1,1,184
1713.63593319548,1,1,185
1695.68616485352,0,1,186
1149.51794277781,0,0,187
1246.8878845359,1,1,188
1353.67195830343,0,1,189
1813.3196052158,1,1,190
1836.62655210031,1,1,191
1857.64610962627,1,1,192
1641.03143217397,0,0,193
1378.38223024008,0,0,194
1844.20351374348,1,1,195
1678.67718998027,0,0,196
1583.18093845175,1,1,197
1167.09471039202,1,0,198
1791.78116287158,1,1,199
1757.29882867629,0,0,200
1649.68077207046,1,1,1
1258.47184122314,0,0,2
1687.24863617635,0,0,3
1564.54533877809,1,1,4
1579.74719034999,0,0,5
1039.64070353281,0,0,6
1752.69483839395,0,1,7
1134.06260263281,1,1,8
1652.83649824174,0,0,9
1744.11993874253,0,0,10
1616.28017318005,1,1,11
1151.30519377096,1,1,12
1691.11517935819,0,0,13
1409.6674112346,1,1,14
1746.99192973971,1,1,15
1861.93112292705,1,1,16
1279.09293306566,0,0,17
1707.68846960836,1,1,18
1353.83638463686,1,1,19
1405.51703124332,1,1,20
1761.25886576023,0,0,21
1123.56737367384,0,0,22
1092.03889956932,1,0,23
1759.24488305248,0,0,24
1029.48881766619,1,1,25
1653.19034906854,0,1,26
1314.05574217008,0,1,27
1179.75583948762,0,0,28
1488.03855155022,0,0,29
1524.55575288533,0,0,30
1253.75991622168,1,1,31
1118.09413989956,0,0,32
1421.51329229083,0,0,33
1847.92007476413,0,0,34
1747.9608613162,0,1,35
1303.79035869343,0,0,36
1873.20500931692,1,1,37
1484.5463454322,1,1,38
1661.50329857264,1,1,39
1144.15289537739,1,0,40
1225.46338432106,0,0,41
1189.04138213099,0,0,42
1465.45069523834,1,1,43
1402.86673591488,1,1,44
1289.34553359927,0,0,45
1756.43546962915,0,0,46
1482.6378399093,0,0,47
1450.73084938201,0,0,48
1832.45653187945,0,0,49
1563.99082342297,0,0,50
1758.492596313,1,1,51
1461.49937612292,0,1,52
1821.6769139242,1,1,53
1525.89596276751,0,0,54
1812.87312546395,0,1,55
1577.8721342228,0,0,56
1666.99388621512,0,0,57
1527.8024459987,0,0,58
1459.3219470999,0,0,59
1293.71817799937,0,0,60
1848.98693982665,1,1,61
1633.31798519581,1,1,62
1469.82331287869,0,0,63
1697.06712320243,0,0,64
894.747768844501,1,1,65
1627.00681578933,1,1,66
1078.3868107181,0,0,67
1599.79154546869,0,0,68
1221.4905509047,1,1,69
1348.99313654452,1,1,70
1598.8319764766,0,0,71
1405.4155563752,0,0,72
1601.8476984499,0,0,73
1394.29539960856,0,0,74
1495.73323894952,0,0,75
1370.6541083805,0,0,76
1499.85043226722,0,0,77
1598.66110508915,0,0,78
1512.53567225123,0,0,79
1430.43552257799,0,0,80
1536.64219502416,1,1,81
1717.78954432362,0,0,82
1265.56420555166,1,1,83
1683.70213604017,0,1,84
1815.40368214153,0,0,85
1541.1692793349,0,0,86
1691.64230050406,0,0,87
1339.90272848405,0,0,88
1762.98521208619,0,0,89
960.118983125473,0,0,90
1764.48778710527,0,0,91
1627.34164343644,0,0,92
1120.56748486699,0,0,93
1546.89039412962,0,1,94
1666.95654503024,0,0,95
1381.33094202841,1,1,96
1016.0485223242,1,1,97
1732.3956167611,0,0,98
1375.49427446455,0,0,99
1844.50905880921,0,0,100
1782.99340657646,1,1,101
1734.77690778566,0,1,102
1565.5345002902,0,0,103
1592.1924031097,0,0,104
1221.40850783449,0,0,105
1336.37785512853,0,0,106
1500.38652940242,1,1,107
1539.18662153794,0,0,108
1816.14549485275,1,1,109
1567.73648856334,0,0,110
1577.35055036331,0,0,111
1258.7466271487,0,0,112
1561.86471686437,0,0,113
1423.26415623243,0,1,114
1263.18750048009,1,1,115
1278.16986366424,0,0,116
1124.4962897371,0,0,117
1686.6450608507,0,0,118
1187.16965088506,0,0,119
1832.04560996197,1,1,120
1172.58960358405,0,1,121
1526.60902075843,1,1,122
1482.01026837156,0,0,123
1525.79240272743,0,0,124
1893.99642800758,1,1,125
1294.62705127554,1,1,126
1532.1762853926,1,1,127
1785.64385236153,1,1,128
1717.75429361235,1,1,129
1447.98906216218,0,0,130
1264.92837144952,1,1,131
1652.07679044011,1,1,132
1413.6093094097,0,0,133
1189.59521440872,0,0,134
1626.07004766579,1,1,135
1685.5440532978,0,0,136
1510.3677193651,0,0,137
1031.34493145855,0,0,138
1332.29289580537,0,0,139
1673.2900568363,1,1,140
1212.376090903,1,1,141
1194.53641209978,1,1,142
1159.89047030583,0,0,143
1594.22008283233,1,1,144
1167.07003963644,0,0,145
1515.52275699289,1,1,146
1505.76516859018,0,0,147
1615.56102711146,0,0,148
1790.88942939923,0,0,149
1770.62218278558,0,0,150
1562.60324362017,1,1,151
1707.93560388015,0,0,152
1384.41781755243,0,0,153
1816.09993104647,1,1,154
1366.30128252528,0,0,155
1451.07544601929,1,1,156
1656.73524104722,0,0,157
1567.31578489898,0,1,158
1524.12557382303,0,0,159
1522.39078699335,1,1,160
1839.95794091362,0,0,161
1347.72799709981,0,0,162
1599.64986790078,1,0,163
1699.75889744317,1,1,164
1502.35582263063,0,0,165
1229.49202391467,1,1,166
1611.6643032031,0,1,167
1334.13165706207,0,0,168
1480.15621271462,1,1,169
1672.72426451164,1,1,170
1596.53983251675,0,0,171
1707.55166491142,0,0,172
1391.38289493318,1,1,173
1285.08592300161,0,1,174
1023.14220057779,0,0,175
1755.75020094835,0,0,176
1768.45058018958,0,0,177
1752.34521271649,0,0,178
1828.73650767079,1,1,179
1411.66071414327,0,0,180
1602.97656500723,0,0,181
1064.48245288529,0,0,182
1549.98338788845,1,1,183
1475.59708755334,1,1,184
1124.03447541062,1,1,185
1561.21806263104,0,0,186
1748.71876282976,0,0,187
1543.83635927675,1,1,188
1466.76775053949,0,1,189
1304.55359883855,0,0,190
1000.52522448725,1,1,191
1501.84984007184,0,0,192
1602.51633788964,0,0,193
1795.05364513054,1,1,194
1497.36637682113,1,1,195
1187.39287096515,0,0,196
1656.244505638,0,0,197
1047.97323875089,0,1,198
1601.54604776598,0,0,199
1193.95900083357,0,0,200
1085.08395574084,0,0,1
1637.07725579164,1,1,2
1797.61209414315,0,0,3
992.623908559327,0,1,4
1306.07221931236,1,1,5
1589.672047555,1,1,6
1743.48111218152,1,1,7
1390.57998545916,0,0,8
1584.96871055746,1,1,9
810.577004347392,0,0,10
928.636366851719,1,1,11
1573.49232197382,1,1,12
1591.57732024284,0,0,13
1111.11773491543,1,1,14
1801.47196336614,1,1,15
974.924545365759,1,1,16
1319.53022949861,0,0,17
1672.79800618489,0,0,18
1655.33559174597,0,0,19
1780.12267112008,1,1,20
676.131530733632,1,1,21
1646.13306672758,0,0,22
1667.67986302077,1,1,23
1655.52517860605,1,1,24
1369.20158812399,0,0,25
1687.7225067679,1,0,26
1825.12575525837,0,0,27
1371.02390391485,1,0,28
1594.09289274229,0,1,29
1382.09663820967,1,1,30
1688.10047797913,1,1,31
1840.54642449657,1,1,32
866.553055406951,0,0,33
1416.79006011078,0,0,34
1746.3290321841,1,1,35
1562.58144178314,1,0,36
1605.30347262558,1,1,37
1758.34862928014,1,1,38
1514.9071189354,0,0,39
1083.08120160067,0,0,40
639.766761947447,1,1,41
1852.27666060106,0,0,42
1304.16337937931,0,0,43
1757.25374046146,1,1,44
1587.23813306826,1,1,45
1541.60983403542,0,0,46
1731.27241062454,0,0,47
1571.27300359369,0,0,48
1812.49655786376,1,1,49
1510.04197036772,1,0,50
1552.86115786579,0,0,51
1564.82221873693,1,1,52
1599.28816879281,0,0,53
1466.43757340412,0,0,54
1668.27052466428,0,0,55
1584.22504891661,0,0,56
1632.35153557475,1,1,57
1739.71858732088,1,1,58
1502.74833977079,0,1,59
1371.12287263173,1,1,60
1684.25265978699,0,0,61
1601.60151118997,0,0,62
1752.77492859953,0,0,63
1755.53902721878,0,0,64
1711.27438366092,0,0,65
1374.80033266894,0,0,66
1288.26244186249,0,1,67
1155.72089744437,1,1,68
1653.82736508432,0,0,69
1316.48442881866,0,0,70
1846.16277453641,1,1,71
1521.07067368516,1,0,72
1756.39220655097,1,1,73
1386.36077270077,0,1,74
1447.22865273594,0,0,75
1543.86543038471,0,0,76
1784.75044577213,0,0,77
1443.87789567584,1,1,78
1373.01895411901,0,0,79
1214.7168380513,0,0,80
1643.83691612274,1,1,81
935.857413111726,1,1,82
1798.86715265793,0,0,83
872.101279129429,1,1,84
1557.75083721916,1,1,85
1117.52106622606,1,1,86
928.560436451322,0,1,87
1790.00168160353,0,0,88
1559.09445554325,0,0,89
1566.21985105922,1,1,90
1341.80819807397,0,0,91
1505.03677858817,0,0,92
1532.30754820361,1,1,93
1725.97992699547,0,0,94
1664.57395629199,0,0,95
1799.87803060425,0,0,96
1711.12606655239,0,0,97
1668.06824382906,0,0,98
1730.60854196208,1,1,99
1359.49232278781,0,1,100
1612.57875997443,0,0,101
1862.49184305583,0,1,102
1843.11848256987,1,1,103
1788.7877022206,0,1,104
1713.54009310205,1,1,105
1601.79392862595,0,0,106
1569.14288623902,1,1,107
1634.42311431816,0,0,108
1803.55967216404,1,1,109
1600.27093065338,1,1,110
1455.00918360529,1,1,111
1262.00305546051,1,1,112
1766.28471845484,0,0,113
1590.71577763814,0,0,114
1468.49431166417,1,1,115
1572.89740071366,1,1,116
945.892932875041,0,0,117
1527.32544582782,1,1,118
756.83737893162,1,1,119
1716.27614281838,0,0,120
1886.75556918287,1,1,121
1750.27118626466,1,1,122
1793.02374051485,0,1,123
949.711422072163,0,0,124
1494.15844201657,0,0,125
1508.34355098071,1,0,126
1406.69777012284,1,1,127
1086.68154399266,1,1,128
1587.74639713985,1,1,129
1167.71819051637,1,1,130
1082.90221857815,1,1,131
1467.52229604252,1,1,132
1522.60613800757,0,0,133
1479.17351053688,0,0,134
1591.04987923165,0,0,135
1502.50542078836,0,0,136
1161.454488626,0,0,137
1228.9768870508,0,0,138
1677.96519760059,0,0,139
1553.73926519744,0,0,140
1833.93692647859,1,1,141
1746.30361569228,0,0,142
1873.36851760164,1,1,143
1070.51384574418,1,1,144
1675.50474269747,0,0,145
1527.81973741426,0,0,146
1397.19853542591,0,0,147
1847.49193108978,0,1,148
1021.4412998735,0,0,149
1658.25173770408,1,1,150
1690.97527186875,1,1,151
994.061364996492,1,1,152
1639.9203449923,1,1,153
1248.39787188026,0,0,154
1693.70460714721,1,1,155
1810.56416406668,1,1,156
1421.2700251655,1,0,157
1744.35585798146,0,0,158
1690.43373882958,0,0,159
1287.96167049616,1,1,160
1356.10843168892,1,1,161
1578.21239588591,1,1,162
1851.69163556017,0,0,163
1032.07777879449,0,0,164
1725.22860569119,1,1,165
1642.26645533731,0,1,166
1363.93559938442,0,1,167
1802.36704253006,0,0,168
1607.46552345825,0,1,169
1259.13706950694,0,0,170
1750.40859249352,1,1,171
1566.09205090766,0,0,172
613.692003073652,0,0,173
1356.03441208297,0,0,174
1675.95597041388,0,0,175
1614.86191402517,1,1,176
1687.18784600442,0,1,177
1702.47007684925,1,1,178
1354.74572016821,0,0,179
1489.06653812021,0,1,180
1690.99766909789,1,1,181
1782.84776369869,1,0,182
1720.68639550023,1,1,183
1856.79502304524,1,1,184
1685.28917695062,0,0,185
1852.28678488164,1,1,186
1193.31219407609,1,0,187
1387.03028659811,0,0,188
1626.02135393682,1,1,189
1809.76698196952,1,1,190
1625.79034495489,1,1,191
1754.50427826127,1,1,192
1396.59441624511,0,0,193
1472.99198357553,1,1,194
1763.66567135801,1,1,195
934.568102186247,0,1,196
1364.44153497763,0,1,197
1515.51400911287,0,0,198
1570.70861199801,0,0,199
1097.00310087602,0,0,200
1601.58595998461,0,0,1
1436.50817228281,1,1,2
1662.68620500478,1,1,3
1321.00977087508,0,0,4
1727.43860828567,1,1,5
1297.73618787509,0,1,6
1135.65470243838,1,1,7
1733.65567637198,0,0,8
1495.25613177807,0,0,9
1583.01959735104,1,1,10
1559.16534186979,0,0,11
1525.99665479902,0,1,12
1367.58799983072,0,0,13
1385.71328569076,1,1,14
1552.03054488562,1,1,15
1297.1442619506,1,1,16
1605.91611077104,0,0,17
1173.43257272967,0,0,18
1676.42166096331,0,0,19
1671.06548618126,1,1,20
1569.86003104454,1,0,21
1361.8760223325,1,1,22
1358.71438583504,0,0,23
1782.61295110559,1,1,24
1147.23558730081,1,0,25
1628.46033991945,0,0,26
1858.01636163978,1,1,27
1632.73891642903,0,0,28
1852.08970729403,1,1,29
1787.30507707294,0,0,30
1775.96940416204,1,1,31
1609.42644532341,1,1,32
1645.29138989161,0,0,33
1059.19828192502,1,0,34
1111.77444449152,1,1,35
1636.36819819049,0,0,36
1164.88100045581,0,0,37
1491.72888636548,1,0,38
1838.41653752921,0,0,39
1776.57766295414,1,1,40
1218.03423931759,0,1,41
1584.69553823318,1,1,42
1500.72877948559,0,0,43
1473.72621422739,1,1,44
1289.94043819013,0,0,45
1468.17159971083,1,1,46
1376.99217402683,0,0,47
1261.74651369981,0,0,48
1678.89395734509,1,1,49
1814.73501312502,1,1,50
1758.7097007456,1,1,51
1582.14742461684,0,1,52
1706.25123147628,1,1,53
1782.37724792859,0,0,54
963.606321793147,0,0,55
1602.73302513014,1,1,56
1814.85048150584,0,0,57
1507.58291185393,0,0,58
1564.64183433226,1,1,59
1737.50266881014,1,1,60
1565.06467105497,1,1,61
1348.52163149953,1,0,62
1668.86748027505,1,1,63
1477.87103722189,0,0,64
1740.5875376959,0,1,65
1361.37941624064,0,0,66
1508.88146547863,0,1,67
1796.14039618581,0,1,68
1245.87549573096,1,0,69
1578.93138223005,0,0,70
1520.94284814672,1,1,71
1431.79311095177,1,1,72
1405.66095982063,1,1,73
1723.94205724753,1,1,74
1635.46884856644,1,1,75
1037.5509830779,1,1,76
1739.57868895433,0,0,77
1317.60852691667,0,0,78
1577.44611241632,0,0,79
1672.46910033858,0,0,80
1630.15155703326,0,0,81
1770.10029964594,1,1,82
1414.13295659237,1,1,83
1421.44840069028,0,0,84
821.258879297822,1,1,85
1419.24416137893,0,1,86
1122.92380546054,1,1,87
1239.16656214747,0,0,88
1842.1040256849,0,0,89
1717.86327525142,0,0,90
1741.8508555706,0,1,91
1600.23553998417,0,0,92
1229.56116383152,1,1,93
1401.73748827799,1,1,94
1713.15278256782,1,1,95
1689.60799249725,0,0,96
861.826751798898,1,1,97
1395.14134846093,1,1,98
1663.07245749717,0,0,99
1862.67326545572,1,1,100
1544.94839047246,0,0,101
1758.29983942272,1,1,102
1318.22692663168,1,1,103
1662.21269895207,1,1,104
1576.65197774065,1,1,105
1735.53345159056,1,1,106
1367.48434356655,0,0,107
1488.24656558995,0,0,108
1761.68593643614,0,1,109
1808.78733607123,1,1,110
1567.79716655533,1,1,111
1439.63393031721,1,1,112
1323.584814115,0,0,113
1568.58826456913,0,0,114
1698.31179656184,1,1,115
1638.20906123576,0,0,116
1504.93119582691,0,0,117
1735.04813495224,0,0,118
1620.72979322128,0,0,119
1775.22165511215,0,0,120
1813.44324957597,1,1,121
1550.22929613336,0,0,122
1208.30671525115,1,1,123
1388.99295614249,1,1,124
1787.90025114154,1,1,125
1617.19640952926,0,0,126
1282.8462956186,0,1,127
1817.52382376972,0,0,128
1767.44260681583,0,1,129
1037.62831614986,0,0,130
1748.140159824,0,0,131
1873.81450167912,1,1,132
1427.34123529947,1,1,133
1895.03141429811,1,1,134
1532.96053359523,0,0,135
1615.5511879547,1,1,136
1806.89272208777,0,0,137
1787.40238013276,0,0,138
1744.15927981254,1,1,139
1345.74106052207,0,0,140
1713.22066464682,1,0,141
1725.17151788667,0,0,142
1527.17874878533,0,1,143
1699.29857024531,1,1,144
1491.76165493146,0,0,145
1819.75055740339,0,0,146
1709.18232100889,0,0,147
1344.44207671916,0,0,148
1621.01649292961,1,1,149
1398.03487616984,0,0,150
1745.15806273893,1,1,151
1444.25569867461,0,0,152
1683.33598995674,1,1,153
1599.32236568256,1,1,154
1570.32913516915,0,0,155
943.962738628328,0,0,156
1148.8582151526,0,0,157
1055.46674956959,0,0,158
910.05588864407,0,0,159
1335.03864761214,1,1,160
1585.87760538455,0,0,161
1517.0045948933,0,1,162
1559.76565905983,1,0,163
1194.52164592314,1,1,164
1603.59306281336,1,0,165
1441.39051799233,0,0,166
1813.47603238164,0,0,167
1685.75099441305,0,1,168
1802.45976896291,1,1,169
1208.40721517629,1,1,170
1748.10542993598,1,1,171
1030.6996134978,0,0,172
1360.78730563612,1,1,173
1264.46938998746,0,0,174
1606.74227420336,1,1,175
1496.22542441165,0,1,176
1708.04229825954,0,0,177
1696.7799514213,0,0,178
1309.18722871038,1,1,179
1543.60834668851,0,0,180
786.710074707337,1,1,181
1606.71515407738,1,1,182
1736.14824950799,1,1,183
952.409627064491,0,1,184
1468.95446348629,0,0,185
1487.77734848944,1,1,186
1822.14094445058,0,0,187
1835.03412942252,1,1,188
1358.56149659524,0,0,189
1534.79833872031,0,0,190
1696.82249785332,0,0,191
1686.939046717,0,0,192
1761.04908910718,0,0,193
1803.8862524743,1,1,194
1208.79766896226,0,0,195
1153.05885153485,1,1,196
1511.5269203276,1,1,197
1757.67317407725,0,0,198
1638.0996100479,1,1,199
1767.55495246302,0,1,200
1753.21845851789,0,0,1
1570.70454658391,0,1,2
1753.95837793187,0,0,3
1790.09956324895,1,1,4
1701.14841971446,1,1,5
1214.51867414095,0,0,6
1613.1501395191,1,1,7
1778.97545698964,0,0,8
1657.75624352714,1,1,9
1219.71192702258,0,0,10
1548.594209618,0,0,11
1474.86635314303,0,0,12
1320.67798443508,0,0,13
1448.8758463345,0,0,14
1549.22935150881,1,1,15
1800.07250052906,0,0,16
1777.01579998038,1,1,17
1599.54192828672,1,1,18
1756.62365983853,0,1,19
1165.18863810726,0,0,20
1741.22790263958,0,1,21
1797.57377433767,0,0,22
1757.97986457664,0,1,23
1908.30000417749,1,1,24
1341.9761274853,1,1,25
1702.72621225148,1,1,26
1596.43898243735,1,0,27
1772.34657544514,0,0,28
1630.89278673585,0,0,29
1410.82354424625,0,0,30
1532.79631922837,0,1,31
1675.88226709124,1,1,32
1773.84127609954,1,1,33
1608.13799651527,1,1,34
1450.5671658024,1,1,35
1265.62577607143,1,0,36
1860.57451785288,1,1,37
1560.48308648604,0,0,38
1798.20252738708,1,1,39
1710.56888081602,1,1,40
1079.00612054991,1,1,41
1250.98410255722,1,1,42
1477.89513939355,0,0,43
943.317594433857,0,0,44
1431.56715078819,0,0,45
1335.34435669038,0,0,46
1630.67111654087,0,0,47
1641.33074668479,0,0,48
1538.62037934848,1,1,49
1492.54266600699,1,1,50
1444.62622222803,0,0,51
1506.2762417284,1,1,52
1476.21163591974,1,1,53
1499.94966355087,0,0,54
1556.5058100428,1,1,55
939.17797472391,0,0,56
1781.97008084891,0,0,57
1696.09927743697,0,0,58
1661.96737407132,1,1,59
1292.98320168019,0,0,60
1800.95570962898,0,0,61
1612.2061975318,0,0,62
1834.06997671321,0,0,63
1158.83192684364,1,1,64
1600.57250783777,0,0,65
1538.139034124,0,0,66
1251.21140001366,1,0,67
1608.33127984475,0,0,68
1537.94527256764,1,1,69
1794.01614674337,1,1,70
909.134413306757,0,0,71
1670.1601153724,0,0,72
1511.81588172294,1,1,73
1486.47654249599,1,1,74
1772.87175537507,0,0,75
1669.60437211874,0,0,76
1886.67819390622,0,0,77
1700.54547967985,0,0,78
1718.85551169831,0,0,79
1850.53449908842,1,1,80
1912.17042155279,1,1,81
1537.24048119619,0,0,82
1226.02583434222,1,1,83
1756.51727782694,1,1,84
1921.52847854764,1,1,85
1588.92999034982,0,0,86
1703.92525532342,0,1,87
1736.98335874993,1,1,88
1611.67315539066,1,1,89
1150.66169981497,1,1,90
1455.64018512173,0,0,91
1574.71887965809,0,0,92
1353.48605114772,0,0,93
1789.56776615869,0,0,94
1306.10985935541,0,0,95
1855.34226507013,0,0,96
1282.38771992072,0,0,97
1450.50326741847,1,1,98
1632.0585919115,0,0,99
1600.86657010132,0,0,100
1345.27441000025,1,0,101
1715.1727936096,0,1,102
1431.39671195732,1,1,103
1873.17651285058,0,0,104
1536.00043448806,0,0,105
1314.52180794087,0,0,106
1526.13892070029,0,0,107
1384.08794726706,0,0,108
1617.4681385863,0,0,109
1211.40766219121,0,0,110
1371.03006722396,0,0,111
1639.32491005973,0,1,112
1771.96647277177,1,1,113
1532.08316533725,1,1,114
1815.78730023951,0,0,115
1742.66139454123,0,0,116
1718.67725112311,0,0,117
1593.65004704958,0,0,118
1459.32742717268,1,1,119
1708.97960948048,1,1,120
1334.31340030768,0,1,121
1660.82925166225,0,0,122
1454.37726392337,1,1,123
1569.7370546762,0,1,124
1552.25878880681,0,0,125
1685.22713658456,1,1,126
1406.33010578589,0,1,127
1853.94925351841,1,1,128
1798.07018784239,0,0,129
1710.15115265841,1,1,130
1324.40910810517,0,0,131
1852.21260233409,1,1,132
1864.11188447456,1,1,133
1009.8206683583,1,0,134
1304.49499157616,0,0,135
1595.43252241751,1,1,136
688.563746217374,1,1,137
1340.52279897705,1,1,138
1699.68257287166,0,0,139
1697.168331339,1,1,140
1144.72704840641,0,0,141
1512.915956065,0,0,142
1474.59249662965,0,1,143
1748.87439713901,0,0,144
1391.78986401413,0,0,145
1485.14402954368,0,0,146
1750.71899643863,0,0,147
1195.27600104552,1,1,148
1410.24824568679,0,1,149
742.507674376647,1,1,150
1795.08524542986,1,1,151
1496.92901004951,0,0,152
1609.34618535457,0,0,153
1839.20422069922,1,1,154
1534.9378831415,0,1,155
1785.51426135526,1,1,156
1782.44733482806,0,0,157
1475.11101436468,1,1,158
1785.36695835536,0,0,159
1389.77082623798,0,0,160
1608.45232730173,0,0,161
1460.72872000435,0,0,162
1449.17265516438,1,0,163
1752.26654679579,0,0,164
1597.83032850181,1,1,165
1819.44011725191,0,0,166
1668.43332419356,0,0,167
1406.1639538118,0,0,168
1049.20472878078,1,1,169
1226.22966201172,1,1,170
1839.1962344429,1,1,171
1574.27242743085,0,1,172
1690.43667457057,1,1,173
1610.80966110759,0,0,174
1301.02833490967,1,1,175
1442.16213324261,1,0,176
1819.21309799011,0,0,177
1147.04075937716,0,0,178
1614.77721137116,1,1,179
1175.41793990728,1,1,180
1119.47494610152,1,1,181
1686.26402467924,0,0,182
1705.93807906815,0,0,183
1505.94131687357,1,1,184
1654.20372280883,0,0,185
1335.52626896669,0,0,186
1746.00183763537,0,0,187
1453.95644294784,1,1,188
1686.96430570021,0,0,189
1369.62184270916,1,1,190
1720.64210533878,1,1,191
1246.3921244773,0,0,192
1638.77385353756,0,0,193
1626.37383871486,1,1,194
1589.3850851002,0,0,195
971.965215532668,1,0,196
1592.91927597592,0,1,197
1165.7636920012,1,1,198
1736.83403909497,0,0,199
1672.93446075064,0,0,200
1734.34089992187,0,0,1
1827.92338794282,1,1,2
1729.44314708561,1,1,3
1167.15925895322,0,0,4
1712.14407425904,1,1,5
1165.59416282329,0,0,6
1336.60521642577,0,0,7
1580.96708886115,1,1,8
1600.6618174625,1,1,9
1363.84175332017,1,1,10
1282.43360677209,1,1,11
1399.15122353672,1,1,12
1467.55426706765,1,1,13
1580.28521587579,0,0,14
1415.46206275698,1,1,15
1721.08129893751,0,0,16
1578.00149243001,1,1,17
1785.88162387875,0,1,18
1652.62128025545,0,0,19
786.237226683535,1,0,20
1651.58064000126,0,0,21
1626.99201743083,0,0,22
1665.43594542945,1,1,23
1274.95646302458,0,0,24
1609.63039572339,1,1,25
1150.94454118866,0,0,26
1739.51479264896,1,1,27
1650.47077964967,1,1,28
1772.77334652635,0,0,29
697.573058967341,0,0,30
1446.86552809433,1,1,31
1627.96524165882,0,1,32
1675.06564605928,0,0,33
1585.79633417855,0,0,34
1873.47023722207,1,1,35
1034.88551460844,1,1,36
936.20292594531,0,0,37
1473.05578582933,0,0,38
1691.34113924491,1,1,39
1571.59560758859,0,1,40
1415.44749247595,0,0,41
1755.33692450884,0,0,42
1453.91487416603,0,0,43
1629.70707894269,1,1,44
1410.2000972178,0,1,45
1317.58850975294,0,0,46
1614.68757328886,0,0,47
1389.03414831227,1,1,48
1801.2271122331,0,0,49
1510.97838005204,0,0,50
1314.30905478685,1,1,51
1111.56378197408,0,0,52
1372.92734691231,1,1,53
1525.74324895494,0,0,54
1678.11540875452,1,1,55
1173.19235641479,1,1,56
945.750787697376,0,0,57
1816.90673266496,0,1,58
1707.85733274438,0,0,59
1533.3085504332,0,1,60
1680.12798174883,0,0,61
1203.08048881513,0,0,62
1691.42252274521,1,1,63
1662.35005915876,1,1,64
1163.47476935352,0,0,65
1577.69783922244,1,1,66
1238.8684976915,1,1,67
1445.88950467551,0,0,68
1568.02568311355,0,0,69
1416.74918192195,1,1,70
1414.54965118533,0,0,71
1807.72033876848,0,0,72
1301.54789211716,0,0,73
1782.08597983983,1,1,74
1164.50698721776,0,0,75
1828.40869081711,1,1,76
1810.61242849967,1,1,77
1584.28646504896,0,1,78
1715.87470410194,0,0,79
1181.40210980247,0,0,80
1557.05771136365,0,0,81
1377.67181369614,0,0,82
1613.33096483659,0,0,83
1464.71117760389,1,1,84
1789.30376643419,0,0,85
1487.39811380519,1,1,86
1007.76477722445,1,1,87
1725.23942800016,0,1,88
1453.0646133212,0,0,89
1482.09073418025,1,1,90
1540.12225802879,0,0,91
1577.52361659508,0,0,92
1723.24256891159,1,1,93
1753.40233880099,0,0,94
1768.19076252235,0,0,95
1367.73612188706,1,1,96
1460.22860975565,1,1,97
1357.94533056244,0,0,98
1513.94395696948,0,1,99
1676.86473986351,1,1,100
1650.19507729709,1,1,101
780.265894997233,1,1,102
1186.92794055077,0,0,103
1817.4990587068,0,0,104
1503.96977239919,1,0,105
1672.22141222068,0,0,106
1725.34652396108,1,1,107
1659.92245230617,0,0,108
1774.32344035003,0,0,109
1765.56096239709,1,1,110
1671.93532527457,0,0,111
1587.27765608431,0,0,112
1595.51111022841,1,1,113
1244.11661067183,0,0,114
1709.12647654953,1,1,115
1222.34699719794,1,1,116
1119.69113483595,1,1,117
1351.64810869333,0,0,118
1913.81601733766,1,1,119
1783.33129716671,0,0,120
1875.52181824315,1,1,121
1682.56602373058,0,0,122
1189.44859123511,1,1,123
1857.94631812488,0,0,124
1839.09548601491,1,1,125
1477.84640388246,0,1,126
1760.82586745581,1,1,127
1811.22346825769,0,0,128
1787.26859631054,0,0,129
1726.0949891068,0,0,130
1327.35331468082,0,0,131
1143.49908446762,1,1,132
1496.33597962642,0,0,133
1096.71542170541,0,0,134
1297.48388575203,0,0,135
1197.45554873622,0,0,136
757.185273426395,1,0,137
1829.45770066823,0,0,138
1373.02055848355,0,1,139
1220.17077131615,1,1,140
1735.24778223406,0,0,141
1714.60089905491,0,0,142
1758.75893417779,0,0,143
1787.00008530911,1,1,144
1602.21146314125,0,0,145
1040.15324090411,1,1,146
1408.45476203654,0,1,147
1630.80754587536,0,0,148
1531.36834942686,0,0,149
1450.77186996084,1,1,150
1438.45355874327,0,0,151
1865.30983052339,1,1,152
1056.54403013842,0,0,153
1062.71025273899,1,1,154
1630.65607482538,1,1,155
1127.55443086089,1,1,156
1325.90740364186,1,0,157
1666.09275673255,0,0,158
1405.31216128885,1,0,159
1593.05531249366,0,0,160
1582.34302743439,0,0,161
1484.31571995186,0,0,162
1259.19184224554,0,0,163
1351.64891224109,1,1,164
1055.13624523959,0,0,165
1632.45689765433,1,1,166
1585.48458954902,0,0,167
1674.25821190904,1,1,168
1697.14908064064,0,0,169
1732.38042117614,0,1,170
1614.09352681615,0,0,171
1671.40140252774,1,1,172
1774.32580159437,0,1,173
1464.42188173256,0,0,174
930.106284096781,0,0,175
1172.42660904727,1,1,176
1428.14068340944,0,0,177
1083.79679365984,1,1,178
1332.16202463024,1,1,179
1485.90171380722,0,0,180
1831.55069059385,0,0,181
1541.96019931072,0,0,182
1680.4286512131,0,0,183
1725.25869418517,0,0,184
1672.61008506655,0,0,185
1756.90338564964,1,1,186
1173.61619041328,1,0,187
1234.06736305628,0,0,188
1420.37828803863,1,1,189
1774.414136815,0,0,190
1838.16997619159,0,0,191
1804.93502032345,0,1,192
1614.72391258139,1,1,193
1366.3685782758,0,0,194
1816.45156835652,1,1,195
1685.99545044344,0,0,196
1557.44051465557,1,1,197
1157.71034574499,1,1,198
1758.77071617128,1,1,199
1754.44834953754,0,0,200
1580.04857655665,0,0,1
1237.39465351701,0,0,2
1643.54108815727,1,1,3
1596.35282270807,1,1,4
1618.68874524979,1,1,5
997.412298434708,1,1,6
1696.569386851,0,1,7
1136.22764151719,1,1,8
1775.61044964007,1,1,9
1654.36780949586,0,0,10
1552.74067271977,1,1,11
1116.86312009971,0,0,12
1665.3714084767,0,1,13
1391.38841987625,1,0,14
1700.37742370647,0,0,15
1835.79975701658,0,0,16
1283.29803846909,1,1,17
1720.88433992112,1,1,18
1410.57892638993,0,0,19
1467.00697735044,1,1,20
1685.1495947512,0,0,21
1081.98713686195,1,1,22
1060.66492982366,0,0,23
1817.98263334044,1,1,24
958.419314923872,1,1,25
1638.25073186418,0,0,26
1309.10442798701,0,0,27
1188.4910322391,1,0,28
1393.28937055183,0,0,29
1651.42000407702,1,1,30
1267.11547422391,1,1,31
1065.18181979732,0,0,32
1365.90829514447,0,0,33
1858.95180189252,0,0,34
1699.16315972319,0,0,35
1235.50123614406,0,0,36
1887.16635818385,0,1,37
1580.06059547388,1,0,38
1669.26991233538,0,0,39
1055.31864488037,0,0,40
1310.45546150076,1,1,41
1256.97054632355,1,0,42
1439.84830028192,1,1,43
1277.95972024247,0,0,44
1236.24864536398,0,0,45
1823.04678863006,1,1,46
1555.2796061525,1,1,47
1469.16979200436,1,1,48
1838.20285958466,1,1,49
1639.98256068522,1,1,50
1737.14501815292,0,0,51
1500.48054197452,0,0,52
1734.30980570147,0,0,53
1534.06690870385,0,1,54
1812.2989511065,1,1,55
1533.66249572602,0,0,56
1664.63845817384,0,0,57
1482.7006142045,0,0,58
1621.85777065429,1,1,59
1385.35081519701,1,1,60
1722.16030618904,0,0,61
1622.91185904188,0,0,62
1505.12218234368,0,1,63
1664.59945370925,0,0,64
913.578673083648,1,1,65
1575.98104426076,0,0,66
1151.50588797261,1,0,67
1646.50678861476,1,1,68
1154.52242905153,1,1,69
1248.35166440205,0,0,70
1612.30324964347,0,0,71
1427.34517988064,0,0,72
1616.15976063204,0,0,73
1473.8591852926,1,1,74
1584.10229611798,1,1,75
1357.25396890226,1,1,76
1538.9844780985,1,1,77
1492.26623915588,0,0,78
1501.25725191445,1,1,79
1494.31983955502,1,1,80
1561.64375248704,1,1,81
1714.15885122211,0,0,82
1244.12326867378,0,1,83
1657.53950651642,0,0,84
1804.04343130725,0,1,85
1468.82609988355,1,1,86
1858.27438738441,0,0,87
1390.55351003935,0,0,88
1764.83832050702,1,1,89
1079.0902864509,0,0,90
1692.00052717564,0,0,91
1677.6032657176,0,0,92
1113.05288674345,1,1,93
1588.14933944198,1,1,94
1755.90871687621,1,0,95
1354.18187041593,0,0,96
1024.50814411815,1,1,97
1755.48000463571,0,0,98
1478.24668205869,1,0,99
1807.06099052833,0,0,100
1750.38681492303,0,0,101
1737.1164241845,1,1,102
1602.13273871388,0,0,103
1620.85549019554,0,0,104
1316.12497551427,1,1,105
1503.51642852342,1,1,106
1435.10890282178,1,1,107
1552.83807020413,0,0,108
1764.1776884811,1,1,109
1637.38122800245,1,1,110
1599.75140117045,0,0,111
1280.66947365565,0,0,112
1432.47443193436,0,0,113
1431.72236149741,1,1,114
1204.16139709982,1,1,115
1341.34453200439,0,1,116
1303.96367114214,1,1,117
1765.98697300711,0,0,118
1179.41829193558,0,0,119
1776.44497389337,1,1,120
1202.22377817393,0,0,121
1539.73868545864,1,1,122
1656.08960291643,0,0,123
1636.76467963641,1,1,124
1826.56600912028,0,0,125
1241.1268711153,0,0,126
1460.01207283722,1,1,127
1773.99333158995,0,0,128
1646.79902432273,0,0,129
1429.86262856093,0,0,130
1264.58659875421,1,1,131
1626.45175447165,0,0,132
1421.91476320765,1,1,133
1074.32662409386,0,0,134
1614.25921219168,1,0,135
1744.8476380759,1,1,136
1553.66124989127,0,1,137
1099.2598015527,1,1,138
1422.69583593995,1,1,139
1632.68152819065,1,1,140
1228.09835306483,1,0,141
1202.11274074721,1,0,142
1199.64308807756,0,0,143
1651.56630892003,1,1,144
1304.03188484726,0,0,145
1508.27911558663,1,0,146
1454.36523857284,0,0,147
1604.43027492764,0,0,148
1814.37861080537,0,0,149
1775.84037032133,1,1,150
1477.52578409395,1,1,151
1787.9862402182,0,0,152
1398.50036613163,0,0,153
1832.28398556501,0,0,154
1368.66611970536,0,0,155
1426.92840469694,0,0,156
1747.60949073106,1,1,157
1613.75188659779,1,1,158
1441.594528203,0,0,159
1405.34493597544,0,0,160
1821.80343036603,0,1,161
1401.47059477607,1,1,162
1561.1294761161,1,1,163
1694.34372991579,0,0,164
1501.68709807084,0,0,165
1196.05995611762,1,1,166
1559.96457207195,0,0,167
1346.01815717763,1,1,168
1465.56034812644,0,0,169
1582.88419041818,0,0,170
1570.49426995858,0,1,171
1762.54694058375,0,0,172
1307.9014094513,0,0,173
1379.85174525125,0,0,174
1132.3204361647,1,0,175
1772.96459795336,1,1,176
1747.0665417384,1,1,177
1877.2628878584,1,1,178
1885.59308859071,1,1,179
1345.21102276778,0,0,180
1610.40169848509,0,1,181
1123.10423763932,1,1,182
1533.37566594025,1,1,183
1367.22452256094,0,0,184
1145.43041575304,0,0,185
1572.90649555045,0,0,186
1767.21730131924,0,0,187
1479.53467222655,0,0,188
1472.2234175423,0,1,189
1375.82182083364,1,1,190
1044.08946786666,1,1,191
1561.96321857367,1,1,192
1676.56921219577,0,0,193
1803.60915195896,0,0,194
1392.72830924184,0,1,195
1186.07274986025,0,1,196
1708.0941292874,0,0,197
1022.99683751182,0,1,198
1679.1464529632,0,1,199
1289.85041455367,0,0,200
1062.85524054364,1,1,1
1531.19583265254,0,0,2
1817.08855158453,1,1,3
934.688247458343,1,1,4
1213.67386539701,0,0,5
1506.40222515927,0,0,6
1693.0888464255,1,1,7
1332.90287745786,1,0,8
1631.90634816048,0,0,9
759.12124894453,0,0,10
922.499126693308,0,0,11
1565.14566249064,0,0,12
1517.24926743038,0,0,13
1013.65045767207,0,0,14
1793.46000650854,1,1,15
1048.36753108595,0,0,16
1385.17339743179,0,1,17
1667.67903188864,1,1,18
1641.60603157627,0,0,19
1824.23015175636,1,1,20
689.536336152164,0,0,21
1720.15312911558,1,1,22
1688.01832225282,1,1,23
1651.83478231543,1,1,24
1467.10020106435,0,0,25
1674.96160727467,0,0,26
1834.24845532774,0,0,27
1353.40606533113,0,0,28
1658.09193764637,1,1,29
1351.69377741576,0,0,30
1741.67947523925,1,1,31
1795.92954036847,0,0,32
1009.18595391228,1,1,33
1387.54037286535,0,0,34
1733.39924082985,0,0,35
1534.47539007318,1,1,36
1507.80289384707,0,0,37
1567.49363464595,0,1,38
1566.34361649382,1,1,39
1110.27243662612,1,1,40
722.177380049088,1,0,41
1861.69682589501,1,1,42
1285.7854272857,0,0,43
1755.48639552948,0,0,44
1556.41275092466,1,1,45
1527.55505042955,1,1,46
1766.34113800112,0,0,47
1501.72470110351,0,0,48
1827.84211640455,0,0,49
1505.84212079499,1,0,50
1594.97620685671,0,1,51
1491.48839863585,0,1,52
1551.23770398401,0,0,53
1512.4128312701,0,0,54
1740.87524457526,1,1,55
1596.47345244676,1,1,56
1628.97906211873,0,0,57
1787.94648374416,1,1,58
1524.36434348591,0,0,59
1312.90834193606,0,0,60
1765.87755971543,1,1,61
1576.26278806742,0,0,62
1746.25677955856,0,0,63
1758.24468944715,0,1,64
1811.25613321577,0,0,65
1366.18021930825,0,0,66
1153.69969521863,0,0,67
1081.39641111434,0,0,68
1749.37889523651,1,1,69
1376.91297532297,1,1,70
1772.29182841443,0,0,71
1549.76406426986,0,0,72
1789.0999835177,1,1,73
1377.04013634541,1,1,74
1388.34248343174,0,0,75
1489.96411818661,0,0,76
1722.06112915683,0,0,77
1513.01147144293,1,1,78
1423.30904478945,1,0,79
1297.18111146478,1,1,80
1571.78038803679,0,1,81
950.090564850742,0,0,82
1777.69689010133,0,0,83
845.350657580342,1,0,84
1379.12830870976,0,0,85
1159.68805516986,1,1,86
906.279703967587,0,0,87
1682.56312591575,0,1,88
1513.81622946896,1,1,89
1474.49960653099,0,0,90
1381.67096341507,0,1,91
1523.88959916999,0,0,92
1498.02303975226,0,0,93
1802.01075495323,1,1,94
1688.83806684844,1,1,95
1804.74023876913,0,0,96
1630.53603227138,0,1,97
1692.38475832247,1,1,98
1791.86179856826,1,1,99
1452.3176317561,1,1,100
1592.8570699497,0,0,101
1813.01015747163,0,0,102
1870.68371043589,1,1,103
1691.75498262175,0,0,104
1672.62746806035,0,1,105
1504.66613121242,0,0,106
1610.33630078668,0,0,107
1686.27585190323,0,1,108
1828.89048880824,1,1,109
1537.68726604074,0,0,110
1506.53394382032,0,1,111
1213.74616100806,0,0,112
1807.44184651667,1,1,113
1650.92786638874,1,1,114
1474.42697028451,1,1,115
1510.3106237659,1,1,116
1030.8220433819,1,0,117
1554.5234204181,1,1,118
773.641601137442,0,0,119
1740.08675074936,0,0,120
1748.04398063027,0,0,121
1744.31575299585,0,0,122
1804.49615722072,1,1,123
945.024045995685,1,1,124
1567.57366245342,1,1,125
1479.95788158729,0,0,126
1411.57268617048,1,1,127
1007.84592871265,0,0,128
1533.23003371141,1,1,129
1179.52445900942,1,1,130
994.516869703488,1,1,131
1489.47440090879,1,1,132
1559.04647967127,0,0,133
1469.52034849776,0,1,134
1658.81781373226,1,0,135
1564.31945021177,1,1,136
1157.39429846457,0,0,137
1254.9329719169,1,1,138
1837.11515522226,1,1,139
1681.75153570934,0,0,140
1852.01219865747,1,1,141
1760.92347974455,0,0,142
1733.56122725129,0,0,143
1079.54743758652,0,0,144
1618.16631720231,1,1,145
1581.85671584691,1,1,146
1387.30450194811,0,0,147
1919.21011388232,1,1,148
1078.82261015391,0,0,149
1638.95005071162,0,0,150
1650.6457564544,1,1,151
1006.29602726224,0,0,152
1604.47659810341,0,0,153
1401.06830181627,1,1,154
1602.66498160893,0,0,155
1810.79199553003,1,1,156
1418.26654123104,1,1,157
1760.41405553152,0,0,158
1703.89820314763,1,1,159
1245.88371568523,1,1,160
1369.06257343691,1,1,161
1650.16624992444,0,0,162
1856.46126136289,1,1,163
1023.26412685363,1,1,164
1649.29661543853,0,0,165
1598.38994901944,0,0,166
1469.84285309075,1,1,167
1847.4206743264,1,1,168
1650.92788144586,1,1,169
1286.21100013768,1,1,170
1804.48520707965,0,0,171
1610.73984197766,0,0,172
717.286838970694,1,1,173
1385.28261777417,1,1,174
1728.88133118542,1,1,175
1575.89183862419,0,0,176
1728.43905244227,1,1,177
1682.26120084245,1,1,178
1422.55859926961,1,0,179
1554.67999400949,0,0,180
1706.6549790485,0,1,181
1672.41349425741,0,0,182
1629.23894143443,1,1,183
1843.76398306067,1,1,184
1762.0877098814,1,1,185
1806.51969541642,1,1,186
1194.88246930785,1,1,187
1466.11861941038,1,1,188
1639.21880697488,0,0,189
1779.36285137736,0,0,190
1483.8782211321,0,1,191
1649.03831274017,0,0,192
1422.71238821964,0,1,193
1482.33709662724,0,0,194
1684.80957700383,0,0,195
957.267152592403,0,0,196
1453.15959829901,0,0,197
1542.32418384555,0,0,198
1576.61284634439,0,0,199
1176.99040377287,1,1,200
1605.88951403225,1,0,1
1438.35126711631,1,0,2
1604.39267391388,0,0,3
1361.90154149154,0,0,4
1782.56115763293,1,1,5
1425.53233336832,1,1,6
1169.22705859448,0,0,7
1770.19125047243,0,0,8
1487.50288307295,0,0,9
1652.41589837024,0,0,10
1517.10984985765,0,0,11
1518.32383570058,0,0,12
1393.72947033818,1,1,13
1272.55787125673,0,0,14
1569.90400537034,1,1,15
1322.50325714979,1,1,16
1602.70908785616,0,1,17
1168.07457276112,1,1,18
1688.4020352289,0,0,19
1658.26833844429,0,0,20
1540.92349652516,1,1,21
1396.49434427185,1,1,22
1295.11885792394,1,1,23
1681.08511655698,0,1,24
1146.07535602871,1,0,25
1768.55823659387,1,1,26
1804.18978467027,0,1,27
1534.772186844,0,0,28
1780.86198114522,0,1,29
1716.41872546476,0,0,30
1708.78022656057,1,1,31
1607.73040631417,1,1,32
1574.48982795554,0,0,33
1024.57183672749,1,1,34
1089.55175404837,0,0,35
1575.5842341239,0,0,36
1219.89565893703,1,1,37
1490.30912887198,0,0,38
1840.03892556876,0,0,39
1800.46666513657,1,1,40
1202.25202594646,0,0,41
1589.07191355191,0,0,42
1623.70539598816,1,1,43
1458.99118084917,1,1,44
1310.15221801677,0,0,45
1525.70302445757,1,1,46
1398.67503067528,0,0,47
1133.2929567624,1,1,48
1721.23398906261,0,0,49
1791.99694840388,1,1,50
1793.75085454627,1,1,51
1534.22423375295,1,1,52
1609.81039494143,0,0,53
1716.54052353327,0,0,54
921.5320184224,1,0,55
1567.71556734138,0,1,56
1742.12846526424,1,1,57
1470.03225687336,0,0,58
1453.43776881936,1,1,59
1820.50519090113,0,0,60
1547.42961278699,0,0,61
1294.22760449303,0,0,62
1808.23126776706,1,0,63
1495.28193253335,1,1,64
1730.54882278583,0,0,65
1349.50862481119,1,1,66
1518.11187654756,1,1,67
1826.15101862101,0,0,68
1220.93536237278,1,1,69
1461.1699034116,0,1,70
1445.37639158945,0,0,71
1450.80159575788,1,1,72
1387.60204381915,1,1,73
1889.27933319841,1,1,74
1572.6994454877,0,0,75
1096.67232898644,1,1,76
1783.78406801486,1,1,77
1354.19357156457,0,0,78
1748.5092985612,1,1,79
1644.59429120264,0,0,80
1646.35654970852,0,0,81
1797.29904252523,1,1,82
1388.02951261398,1,1,83
1489.77031713061,0,0,84
900.29636964733,1,1,85
1495.34141589593,0,1,86
1050.55673508074,0,1,87
1225.31148125308,0,0,88
1863.19377559308,1,1,89
1651.47151933401,0,0,90
1696.95985935186,1,1,91
1572.76150420328,0,1,92
1254.97143979589,1,1,93
1446.03256104992,1,1,94
1793.72219229463,0,0,95
1848.5466044679,1,1,96
808.661946776594,0,0,97
1325.89736850479,0,0,98
1758.74884936732,1,1,99
1733.53134993105,0,1,100
1562.49263109729,0,0,101
1759.57200348098,1,1,102
1318.83475108962,1,1,103
1635.48423682329,1,1,104
1512.22609979146,0,0,105
1591.29849252486,0,0,106
1347.66953542037,0,0,107
1497.32401611247,0,0,108
1707.45267735412,1,1,109
1721.62376074387,0,0,110
1432.17067686713,0,0,111
1333.33636589944,0,0,112
1261.05659089517,0,0,113
1522.53745293227,0,0,114
1637.93463527236,0,0,115
1602.26802880408,0,0,116
1587.47352628608,1,1,117
1621.34872273402,0,0,118
1582.41806188679,0,0,119
1816.26869348987,0,0,120
1691.78907170923,1,1,121
1585.14019153795,1,1,122
1147.41146362093,0,0,123
1397.95922619128,1,1,124
1767.57642545636,0,1,125
1637.51465009282,0,0,126
1209.23173854381,0,0,127
1788.56573616359,0,0,128
1778.63017701441,0,1,129
1143.11103327697,1,1,130
1909.40951882377,1,1,131
1816.83864180014,0,1,132
1298.22412732124,0,0,133
1810.63767605775,0,0,134
1536.10824585491,1,1,135
1556.96457456768,0,0,136
1845.59122524653,0,1,137
1774.11357081003,1,1,138
1677.4388867944,0,1,139
1493.27065364451,1,0,140
1680.09362023794,0,0,141
1780.85369872193,1,1,142
1632.17698690554,0,1,143
1685.28287881479,0,1,144
1588.83817886809,0,0,145
1802.01604947839,0,0,146
1565.28904378502,0,0,147
1302.91760825116,0,0,148
1676.53055616911,1,1,149
1337.51693597464,0,0,150
1777.09081343152,0,0,151
1492.96787144292,1,1,152
1669.05207919812,1,1,153
1625.96286586039,1,1,154
1622.93164433006,0,0,155
889.25248348945,1,1,156
1243.73173392638,0,0,157
1116.82360576357,1,1,158
945.745511384272,0,0,159
1257.63162897664,0,0,160
1629.59259668354,1,1,161
1526.40004404468,0,0,162
1550.97530791702,0,0,163
1292.15152498011,1,1,164
1746.42191970304,1,1,165
1460.12767120495,0,0,166
1746.38949579729,1,1,167
1680.8492650245,0,1,168
1732.94695219637,1,1,169
1170.46121461516,1,1,170
1686.58609600672,0,0,171
1056.24419652772,1,1,172
1445.3309419412,0,0,173
1173.19838098429,0,0,174
1482.86117071008,0,0,175
1499.77113150326,1,1,176
1701.53761283752,0,0,177
1656.37027694752,0,0,178
1306.09807879996,0,0,179
1671.53807691015,1,1,180
797.107206385602,0,0,181
1644.66617431146,1,1,182
1680.7746205481,0,0,183
986.053902676924,0,0,184
1362.03233101699,0,0,185
1424.19353593973,1,1,186
1775.56765855731,0,0,187
1814.47731730392,0,0,188
1392.13667453789,0,0,189
1485.8534335564,1,1,190
1660.96792596048,0,1,191
1677.1284974887,0,0,192
1803.54586521622,1,1,193
1787.0519731258,0,0,194
1258.18349530402,1,1,195
1198.98760507537,1,1,196
1443.64637882145,0,0,197
1702.31599791852,0,0,198
1581.97078180296,0,0,199
1831.57280598035,0,0,200
1788.99338201401,0,0,1
1465.03278102022,0,0,2
1768.77932771056,0,0,3
1656.29257219213,1,1,4
1732.66209378166,1,1,5
1272.85359576395,1,1,6
1552.94897188187,0,0,7
1810.21598785498,0,0,8
1575.69682333159,0,1,9
1218.83664567439,1,1,10
1480.11766441029,0,0,11
1444.23655435673,0,0,12
1411.2062346762,0,0,13
1468.60426361574,1,1,14
1488.90093347281,0,0,15
1785.73625207614,1,1,16
1729.40683962756,0,0,17
1459.16921662555,0,1,18
1801.85215641278,1,1,19
1186.89749547379,0,0,20
1724.95444666968,1,1,21
1841.32035208354,1,1,22
1726.95998222909,0,1,23
1810.46227948962,0,0,24
1398.60812808555,1,1,25
1675.86512043536,0,0,26
1694.61027010999,1,1,27
1834.13080180527,1,1,28
1749.67118730823,0,0,29
1444.72102328142,1,1,30
1601.06339986744,1,1,31
1593.91359722985,0,0,32
1786.11142861285,0,1,33
1560.31864437429,0,0,34
1429.53793491122,1,1,35
1371.0432318275,1,1,36
1792.54391661067,0,0,37
1639.22886142008,1,1,38
1713.84100003379,0,1,39
1717.93992868356,1,1,40
1007.3917651336,0,0,41
1222.36088506734,0,1,42
1561.31584439339,1,1,43
1025.01200598251,1,1,44
1486.97684227493,1,1,45
1323.91709639662,1,1,46
1667.90959265731,0,0,47
1682.64185550243,0,0,48
1489.56116968258,0,0,49
1485.49928519418,0,1,50
1424.2763485652,0,0,51
1421.14720596363,0,0,52
1477.14999520234,0,0,53
1498.24347212157,0,0,54
1556.28345155759,1,1,55
900.35561772496,1,0,56
1759.05500213377,1,1,57
1773.73035949161,1,1,58
1713.11186331615,1,1,59
1291.95934750999,1,1,60
1910.30242658831,1,1,61
1657.41725004345,1,1,62
1758.69991527337,0,0,63
1303.79321525657,1,1,64
1606.89855493468,1,1,65
1628.7175878044,0,0,66
1273.50209833094,0,0,67
1671.71351731478,0,0,68
1472.44555640147,0,0,69
1857.90203992662,0,0,70
924.910226707162,1,1,71
1637.65485587005,0,1,72
1528.09974503675,1,1,73
1521.28133647449,1,1,74
1793.47098587145,0,1,75
1702.55840198491,0,0,76
1764.93448273533,0,0,77
1694.93494438086,0,0,78
1786.953867107,0,0,79
1809.79295763826,0,0,80
1863.08955663538,1,1,81
1594.99621868476,1,0,82
1167.60416081644,1,1,83
1755.97876473541,1,1,84
1756.5504134313,0,0,85
1644.94472532739,1,1,86
1805.43057948877,0,0,87
1647.74737114325,1,1,88
1551.73579983263,0,0,89
1219.27351821993,1,0,90
1485.16266302714,0,0,91
1644.97943844945,0,1,92
1289.6270454698,0,0,93
1750.64087653504,1,1,94
1277.63463454751,0,0,95
1781.20608941014,1,1,96
1342.77835814032,1,1,97
1372.95461304374,0,0,98
1704.5037623079,0,0,99
1721.69532387867,1,1,100
1242.08101908385,0,0,101
1648.62977239129,0,1,102
1302.46503413586,0,0,103
1818.11946704362,0,0,104
1535.53667355206,1,1,105
1296.95879933637,1,1,106
1494.70361168365,0,0,107
1403.92836812452,0,1,108
1732.46348389867,1,1,109
1160.14098739464,0,0,110
1465.07649371848,0,0,111
1753.60221479871,1,1,112
1758.46267602032,1,0,113
1581.27689178883,1,1,114
1724.38628858485,0,0,115
1832.04883089152,1,1,116
1639.68523418397,0,0,117
1661.43978374627,0,0,118
1443.22541095015,1,1,119
1639.89312796308,0,0,120
1419.73883178442,0,0,121
1532.21471443333,0,0,122
1396.18668854481,1,1,123
1535.41514080415,0,0,124
1569.783271798,1,1,125
1655.5039003136,0,0,126
1308.48139458945,0,0,127
1784.15124966469,1,1,128
1861.38026406665,1,1,129
1703.99184528358,0,0,130
1431.82591003322,1,1,131
1807.66450874128,0,0,132
1788.26206358883,0,0,133
1137.57535571727,1,1,134
1351.79936968723,1,1,135
1539.55224020595,0,0,136
676.267012311658,1,1,137
1235.20684588716,0,1,138
1674.57334256095,0,0,139
1577.85284565152,0,0,140
1187.78436199839,0,0,141
1545.34210402831,1,1,142
1575.41326332369,1,1,143
1758.15183965742,1,1,144
1426.77215480165,0,0,145
1541.09094532297,0,0,146
1832.18132131433,0,0,147
1171.95261778511,0,0,148
1426.22929272525,1,1,149
698.939080339906,0,0,150
1768.4896259666,0,0,151
1489.51100378082,0,0,152
1629.02514370682,0,0,153
1801.28753465381,1,1,154
1631.33768272538,0,0,155
1687.2684838495,0,1,156
1825.67958700938,0,0,157
1503.28990589526,1,1,158
1745.49207274525,0,0,159
1416.43839455606,0,1,160
1526.75896337283,0,0,161
1548.11106679284,1,1,162
1565.70715165725,0,0,163
1837.97138605799,1,1,164
1594.2480478363,1,1,165
1835.54185224781,0,0,166
1717.2832803294,1,1,167
1379.49929440499,0,1,168
1046.70459642875,1,0,169
1152.73623600489,1,1,170
1800.19134873778,0,1,171
1604.17019130627,1,1,172
1741.24031181099,1,1,173
1576.32693094583,0,0,174
1164.79129346482,0,0,175
1356.75142453318,0,0,176
1760.86845544135,0,0,177
1324.03941264129,1,1,178
1642.0586756065,0,0,179
1051.20587616878,0,1,180
1143.52321312933,1,1,181
1772.73352251056,0,0,182
1688.1669644132,0,1,183
1527.47233730215,1,0,184
1690.27166098629,1,0,185
1342.66364860973,0,1,186
1741.38756186891,0,0,187
1514.28020660573,1,1,188
1750.88575091603,1,1,189
1317.72275677673,1,1,190
1725.68090985134,0,1,191
1216.95637156081,0,0,192
1607.53375367666,1,0,193
1515.4839454522,0,0,194
1578.72535747597,0,1,195
994.754222600403,0,0,196
1493.91134250727,1,1,197
1173.38246577553,1,0,198
1826.17500665517,0,0,199
1748.61798619845,0,0,200
1808.45475655543,0,0,1
1783.05803160867,1,1,2
1720.14037738951,1,1,3
1355.60435338362,1,1,4
1675.9961091026,0,0,5
1139.00563826653,0,0,6
1406.93446892002,0,0,7
1512.4724896062,0,1,8
1507.84725346334,0,0,9
1298.78564291158,1,1,10
1276.19361790922,0,0,11
1362.58668982488,0,0,12
1449.07089805384,1,1,13
1648.1867142405,0,1,14
1452.54312351632,1,1,15
1675.25604199011,0,0,16
1591.0651188335,0,0,17
1792.80555578121,0,0,18
1604.13431688842,0,0,19
896.230699831909,1,1,20
1662.94612965344,0,0,21
1636.1097302885,0,0,22
1599.02733069996,1,1,23
1320.51693303356,0,0,24
1632.00727028758,1,0,25
1140.5176176753,0,0,26
1756.53465829537,1,1,27
1635.91989327542,0,0,28
1726.59066699955,0,0,29
788.158928237919,1,1,30
1355.77767802138,1,0,31
1614.61795970694,1,0,32
1759.97155653075,0,0,33
1647.25629333546,0,0,34
1849.27708008433,0,1,35
977.564109674334,0,0,36
1049.70449533819,0,0,37
1552.60746654104,1,0,38
1659.28702098347,1,1,39
1639.16171170051,1,1,40
1501.48554809551,0,0,41
1762.41428164026,0,0,42
1422.75987710653,0,0,43
1668.98934784458,1,1,44
1415.19365965007,0,0,45
1386.48591644532,0,1,46
1544.35630124669,0,0,47
1319.83222558491,1,1,48
1895.8901874454,0,0,49
1463.9283515795,1,1,50
1431.45513164464,1,1,51
1120.30558798161,0,0,52
1446.08355295747,1,1,53
1613.20512988734,0,0,54
1698.48914568426,0,0,55
1171.29607623597,1,1,56
932.677373681646,1,1,57
1839.36987850126,0,0,58
1719.08603833494,0,0,59
1557.48935634139,1,1,60
1677.87779791731,0,0,61
1158.75560466555,0,0,62
1655.99459692996,1,1,63
1685.6092241378,0,0,64
1222.76636417554,1,1,65
1508.38884852927,0,0,66
1146.15174065669,0,1,67
1490.91283669079,0,0,68
1599.74490548224,0,1,69
1398.63022110307,1,1,70
1304.02601193657,0,0,71
1804.46412196084,1,1,72
1365.9090665776,1,1,73
1756.34251567867,0,0,74
1243.43454181418,1,1,75
1947.04613887834,1,1,76
1859.97993117726,0,0,77
1570.10255976391,1,1,78
1700.94467817778,0,0,79
1187.20465381948,0,0,80
1618.69282866046,1,0,81
1435.79808910252,1,1,82
1673.17432419713,1,1,83
1436.88017162967,1,1,84
1798.36753014494,0,0,85
1477.03620145751,0,0,86
913.178952063335,1,1,87
1792.71189642017,0,0,88
1626.45985083412,1,1,89
1480.25222277976,1,1,90
1590.40840825734,1,1,91
1631.31433928703,1,1,92
1792.69273746023,1,1,93
1818.57346329396,0,1,94
1788.6298673509,0,0,95
1394.03354399974,1,1,96
1394.84875664318,0,0,97
1330.74071310401,1,1,98
1531.52157953741,1,1,99
1698.92317470603,1,1,100
1551.76541782681,0,1,101
745.517001208325,1,1,102
1199.47979584047,1,1,103
1944.15302765824,1,1,104
1522.55542852604,0,0,105
1662.85845033872,0,0,106
1737.00428913212,1,1,107
1777.86800724177,1,1,108
1778.13137076123,0,0,109
1839.54055509611,1,1,110
1566.59124174725,1,1,111
1552.04147736942,0,0,112
1489.23513972443,0,0,113
1363.10855701295,1,1,114
1693.02730201037,1,1,115
1226.92896442461,0,0,116
1094.65405857203,1,0,117
1472.3551195182,1,1,118
1877.01138764288,1,1,119
1790.73791453796,0,0,120
1875.76488352769,1,1,121
1681.30109824585,0,0,122
1222.91741753332,0,0,123
1867.94879679163,1,1,124
1783.21309559975,0,0,125
1520.9570521572,1,1,126
1769.96384813977,1,1,127
1822.2324104133,0,0,128
1760.38121873591,0,0,129
1783.63937892282,0,0,130
1353.13959264002,1,1,131
1204.08177755744,0,0,132
1562.08594789869,1,1,133
1151.72929628692,0,0,134
1278.81957854775,1,1,135
1162.11405922545,0,0,136
798.69477875912,0,0,137
1744.81722437223,0,0,138
1427.95385105495,1,1,139
1234.77439720602,1,1,140
1662.8476276358,0,0,141
1797.71876324125,1,1,142
1754.08752116692,0,0,143
1777.55601043346,0,0,144
1678.35443524384,0,0,145
1063.62582958259,1,0,146
1433.43542154428,0,0,147
1605.8594396742,0,1,148
1577.1083078389,0,0,149
1491.9560507022,1,1,150
1549.71593315997,1,1,151
1719.62532552659,0,0,152
1174.27175805499,1,1,153
943.400769379269,0,0,154
1462.96364146044,0,0,155
1160.02618924677,0,0,156
1346.0659458181,1,0,157
1687.47873357402,1,1,158
1387.80313353163,0,0,159
1525.85084350129,0,0,160
1610.72058334298,0,0,161
1598.43195771381,1,1,162
1249.60612066981,1,1,163
1391.69495900548,0,0,164
1036.79112033238,0,0,165
1635.37801559517,0,1,166
1637.11329362372,1,1,167
1744.09492822737,1,1,168
1655.8550623033,0,0,169
1770.09780296378,1,1,170
1573.8365067922,0,0,171
1623.42839719206,0,0,172
1735.88168380166,0,0,173
1435.58928076969,1,1,174
1082.19752247118,1,1,175
1194.72532630553,0,0,176
1431.03157515453,0,0,177
1051.97907380488,1,1,178
1323.17430320058,1,1,179
1385.39074384366,1,1,180
1818.83773844948,1,1,181
1520.67095106727,0,1,182
1599.89538145648,0,1,183
1765.25975898561,1,1,184
1603.53205178314,0,0,185
1604.24509013836,0,0,186
1035.14204148853,0,1,187
1276.38232307688,1,0,188
1347.63910400221,0,0,189
1748.27350879587,0,0,190
1764.64688355285,0,0,191
1859.92023495338,0,0,192
1707.93484081813,1,1,193
1463.21403259218,1,1,194
1713.83024064438,1,1,195
1722.25184503324,1,1,196
1471.32019326677,0,0,197
1052.93317829175,0,0,198
1723.24175429882,0,1,199
1813.79462819576,1,1,200
1504.83278907986,0,0,1
1239.83200030371,1,1,2
1685.99457788268,1,1,3
1580.05575306062,0,0,4
1636.68689090679,1,1,5
1058.78235324281,1,1,6
1746.79469058336,0,0,7
1143.84431045784,1,0,8
1795.43227954663,0,0,9
1672.60047673511,0,1,10
1497.26419640424,0,0,11
1263.0048221934,1,1,12
1804.80226755249,1,1,13
1376.05717169391,0,0,14
1630.45091700766,0,0,15
1755.09786342204,0,0,16
1264.00643478228,1,1,17
1653.91630072638,0,0,18
1321.1176432823,0,0,19
1511.48024752131,1,1,20
1622.99327909169,0,0,21
1080.50403672487,1,1,22
1101.13852629451,1,1,23
1885.30095678504,0,1,24
918.160861680656,0,0,25
1685.86563229327,1,1,26
1323.78707725414,0,0,27
1182.43598108084,0,1,28
1458.55650759915,0,0,29
1567.8631060532,0,0,30
1198.60383953239,0,1,31
1016.726634254,1,1,32
1379.13342296739,0,0,33
1819.19630643082,0,0,34
1775.85195847784,0,0,35
1361.977958077,0,0,36
1847.44167214348,1,1,37
1523.17077657003,0,0,38
1735.85549961816,0,0,39
1081.36024018797,0,0,40
1312.50344908864,1,1,41
1185.65906520807,0,0,42
1413.84275988976,0,0,43
1417.1471647665,1,0,44
1380.84199767599,0,0,45
1721.07798729345,0,0,46
1393.64867764215,0,0,47
1405.17736122214,0,0,48
1726.1271396437,0,0,49
1624.40689469177,1,1,50
1882.61149587815,1,1,51
1537.72253210722,0,0,52
1768.98407523736,1,1,53
1554.96283380405,0,0,54
1826.69713511104,0,0,55
1575.95573205512,0,0,56
1534.64179513941,0,0,57
1509.87551382128,0,0,58
1589.90425520152,0,0,59
1272.83211616635,0,0,60
1769.83571361176,1,1,61
1725.2236014758,1,1,62
1498.6862027937,0,0,63
1701.83443156768,0,0,64
848.07432560508,0,0,65
1554.36980930847,0,0,66
1192.36592825402,1,1,67
1586.22519150113,0,0,68
1160.09933915244,1,1,69
1347.9082355593,1,1,70
1619.51277809015,1,1,71
1461.16870192112,1,1,72
1682.9181748093,1,1,73
1516.79898968524,1,0,74
1519.26893516433,0,0,75
1254.14804084511,0,0,76
1548.75866480355,1,1,77
1542.41247084217,1,1,78
1560.11045129097,1,1,79
1436.01444088675,0,0,80
1572.65019433364,1,1,81
1788.3638881561,1,1,82
1260.79795872715,1,1,83
1741.33609888841,1,1,84
1793.89841836717,0,0,85
1532.47615400895,0,0,86
1784.25447991412,1,1,87
1423.63257670006,1,1,88
1741.89378814418,0,0,89
1022.42052236823,1,1,90
1679.35675570248,0,0,91
1662.34018831379,0,0,92
1205.67981290764,1,1,93
1550.50615043851,0,0,94
1683.04077531018,0,1,95
1403.1086828054,0,0,96
1069.41943710532,1,1,97
1869.05651232452,1,1,98
1333.2197310141,0,0,99
1812.41421107903,0,0,100
1824.46530430288,1,1,101
1733.59170485481,0,0,102
1629.18933061665,0,1,103
1584.30191110711,0,0,104
1368.98157930838,1,1,105
1435.7191975304,1,1,106
1434.19589213416,0,0,107
1494.46406866072,0,0,108
1868.7111062545,1,1,109
1515.15912347874,0,0,110
1612.97389223025,1,1,111
1207.75921888864,0,0,112
1502.12894256719,0,0,113
1287.99012289264,0,1,114
1251.24490526426,0,0,115
1342.83783891659,0,0,116
1212.77055915742,0,0,117
1656.46091538595,0,0,118
1342.27589736813,1,0,119
1763.15005242214,0,0,120
1147.97755334331,0,1,121
1469.16767839781,0,0,122
1592.29007455256,1,1,123
1554.31052919416,0,1,124
1779.92431729833,0,1,125
1338.35714808489,1,1,126
1431.77468499531,0,0,127
1720.19045578056,0,0,128
1680.12667126787,1,1,129
1332.74964602593,0,0,130
1310.2033197965,1,1,131
1605.17293492152,0,0,132
1323.4259658105,0,0,133
1199.62518880626,1,1,134
1593.44928836062,0,0,135
1694.87671304964,0,0,136
1580.89063527183,0,1,137
995.554727439749,1,0,138
1302.84847377555,0,0,139
1619.20634819267,0,0,140
1278.59793114971,1,1,141
1161.45307551374,0,0,142
1140.27295300838,0,0,143
1561.62376335399,0,0,144
1325.55405480796,1,1,145
1403.97604836614,0,1,146
1581.9821698961,1,1,147
1608.91808886678,1,1,148
1836.94828953839,0,1,149
1700.99681479279,1,1,150
1446.54825297592,1,1,151
1860.16698473857,1,1,152
1471.39097869047,1,1,153
1811.22885338748,0,0,154
1461.15052535405,1,1,155
1460.64437335403,1,1,156
1717.0123422749,0,0,157
1580.36362160043,0,0,158
1554.60322695431,1,1,159
1447.26796994689,0,0,160
1822.18091689644,0,0,161
1340.80979556162,0,1,162
1555.06507657409,0,0,163
1652.63008629823,0,0,164
1517.09999341318,0,0,165
1181.94136149304,0,0,166
1503.99816237909,0,1,167
1282.47473800567,0,0,168
1538.5466792313,1,1,169
1606.61249755029,1,1,170
1634.98474265712,1,1,171
1751.64673252072,1,1,172
1379.47722232068,1,1,173
1341.46563760883,1,1,174
1007.59232001395,0,0,175
1738.05096148264,0,0,176
1702.11965624113,1,1,177
1839.12477105817,1,1,178
1875.40603235145,1,1,179
1361.42752945696,0,0,180
1560.0556898757,0,0,181
1053.36046108632,0,1,182
1545.45052997191,1,1,183
1478.79411633022,1,0,184
1159.55923209789,1,1,185
1564.95449819312,0,0,186
1876.34406571716,1,1,187
1493.14065237652,0,1,188
1468.02503400469,0,0,189
1280.83453775111,0,0,190
990.285110417486,0,0,191
1543.32190259082,0,0,192
1679.27382189588,1,1,193
1899.78003214804,1,1,194
1463.42524952128,0,0,195
1132.11349078178,1,0,196
1713.36128521913,1,1,197
1116.8195543075,1,0,198
1631.22656926673,0,0,199
1240.58058899839,0,0,200
988.933993741089,0,0,1
1605.10766545264,1,0,2
1802.06557547081,0,0,3
1011.5679316437,1,1,4
1268.35759707453,1,1,5
1520.66295967936,0,0,6
1673.43096921327,1,1,7
1350.8704158357,0,0,8
1649.70507379394,1,1,9
854.391907324354,1,1,10
955.459637968365,0,0,11
1536.81508208957,0,1,12
1553.81247202284,1,1,13
1072.52324715069,0,0,14
1750.13530958952,0,1,15
1017.80477124616,0,0,16
1431.64446645383,0,0,17
1658.10353504505,1,1,18
1660.62282427628,1,1,19
1829.05039973522,1,1,20
704.415720140536,1,1,21
1625.00787243661,0,0,22
1674.64222162917,1,1,23
1645.08718715081,1,1,24
1427.19608044656,1,1,25
1691.211513666,1,1,26
1770.00487211043,1,1,27
1305.98380370517,0,0,28
1722.02816598322,1,1,29
1307.28414395808,1,1,30
1655.56853155048,0,0,31
1791.71379605976,0,1,32
995.503101032272,1,1,33
1493.87687694075,1,1,34
1738.829830801,0,0,35
1469.41599885221,0,0,36
1594.19868831548,1,1,37
1667.73351018663,0,1,38
1596.16472228411,1,1,39
1246.43040444278,1,1,40
714.274869769518,1,1,41
1846.16197707181,0,0,42
1395.39797541255,1,0,43
1737.66092989915,1,1,44
1563.41154771096,0,0,45
1557.77576940273,1,1,46
1839.79741819338,1,1,47
1504.46935162097,0,0,48
1864.39593816421,1,1,49
1542.20908107521,1,1,50
1588.27428738299,0,0,51
1532.43529145342,0,1,52
1525.65357478002,1,1,53
1474.81558920915,0,0,54
1847.54779353616,1,1,55
1559.4830697108,0,0,56
1574.25967268863,0,0,57
1706.0098921218,0,1,58
1598.12939721642,1,1,59
1400.5818973225,1,0,60
1748.63931135081,0,0,61
1596.76443128296,0,0,62
1740.54928974151,0,0,63
1842.27864492468,1,1,64
1694.17974647066,0,0,65
1359.48072766268,1,1,66
1234.66993071969,0,0,67
1126.0860784278,0,0,68
1781.90861273781,1,1,69
1267.31279471042,0,0,70
1853.76626336073,0,0,71
1471.14619717368,1,1,72
1716.14000974974,0,0,73
1410.40540479686,1,1,74
1368.22739483032,0,0,75
1566.34174267428,1,1,76
1703.87617379073,1,1,77
1382.83242102028,0,0,78
1358.31275103556,0,0,79
1299.40307361389,0,0,80
1524.39643902537,0,0,81
1017.1143275497,1,1,82
1818.76954883504,0,0,83
824.330361091744,1,1,84
1428.25129726783,0,0,85
1076.04488891354,0,0,86
937.401591693495,1,1,87
1681.81162430655,0,0,88
1535.61749204966,0,1,89
1423.20567713722,0,0,90
1385.56577690236,1,1,91
1606.01572825643,0,0,92
1519.00255436664,0,0,93
1682.9209671453,1,1,94
1631.98803107664,0,0,95
1800.64534741801,0,0,96
1754.67113593584,1,1,97
1666.93994439598,0,0,98
1803.63472948252,1,1,99
1391.26808312051,0,0,100
1633.28706430142,0,0,101
1808.7733701687,1,1,102
1920.31338578723,0,0,103
1680.13781490247,1,1,104
1644.78768531414,0,0,105
1654.25374201547,1,1,106
1543.03754888774,0,0,107
1777.69095869926,1,1,108
1828.06534037408,0,0,109
1539.98015370371,1,0,110
1476.65721836808,0,0,111
1218.35600320374,0,0,112
1806.01806021587,1,1,113
1688.17799385671,1,1,114
1378.28372988479,1,1,115
1536.21215054234,0,0,116
979.414076465915,0,0,117
1514.86903649609,1,1,118
834.862735795916,1,1,119
1780.3748274603,0,0,120
1880.09249737679,1,1,121
1749.62784651776,0,0,122
1759.31111929695,0,0,123
911.594652176253,0,0,124
1513.12573080714,0,0,125
1469.56780380453,0,0,126
1286.63249374242,1,1,127
973.462605613367,0,0,128
1498.19913314302,1,1,129
1077.30575224641,0,0,130
1127.13784386206,1,1,131
1438.39182152779,0,0,132
1595.98430356556,1,1,133
1469.62849649445,1,1,134
1679.56630543366,0,0,135
1545.78413392221,1,0,136
1188.70606944731,1,1,137
1254.98101516933,0,0,138
1749.57560022603,0,1,139
1623.83926035096,1,1,140
1757.69837648319,0,0,141
1830.34976423797,1,1,142
1733.79968808054,0,0,143
1078.64962622964,1,1,144
1562.27859347013,0,0,145
1565.85770465112,1,1,146
1483.11288602353,1,1,147
1837.10782518467,0,0,148
1204.50143175823,1,0,149
1697.17935314445,0,1,150
1607.27749522258,0,0,151
1061.19918138401,1,1,152
1575.44595108991,0,0,153
1328.45709756383,1,1,154
1566.54860159285,1,1,155
1844.68811716225,1,1,156
1489.35730168017,1,1,157
1714.08824598711,0,1,158
1703.52441948432,1,1,159
1219.05623124485,0,0,160
1257.02203953845,0,0,161
1586.17455550064,0,0,162
1663.33360946474,0,0,163
1023.04213353294,1,1,164
1718.59831852926,0,0,165
1735.97389169189,1,1,166
1391.3175560944,1,1,167
1734.83702461715,0,1,168
1703.268411616,1,0,169
1270.13491040229,0,1,170
1747.19026421686,0,0,171
1588.04898370272,0,0,172
657.704710350781,0,0,173
1401.54466318479,1,1,174
1746.16241678451,0,0,175
1639.08698836005,1,1,176
1663.11565285541,0,1,177
1690.95797045018,1,1,178
1420.78192739222,1,1,179
1579.13552196721,1,1,180
1669.43436791131,0,0,181
1770.04018278339,1,1,182
1761.7958028922,1,1,183
1790.13326989407,0,0,184
1766.57554562863,0,1,185
1786.67567930385,1,1,186
1189.20703098326,1,1,187
1483.32330472152,1,1,188
1708.55384958281,1,1,189
1765.69772540073,1,1,190
1506.2072777573,0,0,191
1715.40425351129,0,0,192
1488.71045060521,0,0,193
1448.42074497915,0,0,194
1695.54096296418,0,0,195
1010.28226918338,1,1,196
1422.37254684469,1,1,197
1537.34432769089,0,0,198
1539.10951535202,0,0,199
1147.6582067455,1,1,200
1563.59333688962,1,1,1
1500.99961088471,1,1,2
1590.50210775054,0,0,3
1391.41282902938,1,1,4
1792.16208692769,1,1,5
1347.6969675055,0,0,6
1166.47787426402,1,1,7
1651.57596720035,0,0,8
1474.3996014061,1,1,9
1679.64986167308,1,1,10
1551.81577715378,0,0,11
1550.54835638603,1,1,12
1358.2907843644,1,1,13
1384.69920400832,1,0,14
1477.77415344437,0,0,15
1267.45106031457,0,0,16
1761.95618708351,0,0,17
1198.5698216665,0,0,18
1758.40843826206,0,0,19
1699.55120117111,1,1,20
1647.79041973219,1,1,21
1313.97771635796,0,0,22
1293.31169319263,1,0,23
1795.22356460348,1,1,24
1124.63909648132,0,0,25
1671.52008243831,0,1,26
1832.60878780071,0,0,27
1601.52600127093,1,1,28
1804.84657261269,0,0,29
1705.75962944881,0,0,30
1779.27945236411,0,1,31
1648.32942886028,0,0,32
1646.42669636403,1,1,33
920.163146568851,0,0,34
1077.48901865956,0,0,35
1692.68706227332,0,1,36
1195.76625414051,1,0,37
1397.67546917427,0,0,38
1755.15565641329,0,0,39
1900.77542532433,1,1,40
1198.35046065088,1,1,41
1595.37099635561,0,0,42
1491.0223293567,0,0,43
1508.77550535171,1,1,44
1296.03476748786,0,0,45
1503.72262779147,0,0,46
1469.49822780348,1,1,47
1113.7217745194,0,0,48
1683.77518053159,0,0,49
1888.54127037644,0,1,50
1761.95616222935,0,0,51
1604.89143734377,0,0,52
1683.71203179224,0,0,53
1733.13335009105,0,1,54
919.914131523694,0,0,55
1615.52288858676,1,0,56
1787.6557736892,0,1,57
1457.94004617361,0,0,58
1415.45897127008,0,0,59
1747.53892234482,0,0,60
1557.63716819977,0,0,61
1250.24561346667,0,0,62
1775.51635032206,0,0,63
1468.32301617285,0,0,64
1739.33446967193,0,0,65
1315.47452090566,0,0,66
1555.81684968819,1,1,67
1767.27278330748,0,0,68
1199.34452321258,1,1,69
1532.32325679394,0,0,70
1455.57884755379,1,1,71
1455.17810192104,1,1,72
1340.41840740562,0,1,73
1719.80485612378,0,0,74
1533.06931069505,1,1,75
1008.29375133991,1,1,76
1730.69787503082,0,0,77
1355.02527609462,1,0,78
1695.76101085741,1,1,79
1616.54175673802,0,0,80
1831.42878815184,1,1,81
1729.57732985426,0,0,82
1322.44451829668,0,0,83
1499.26054200214,0,0,84
863.102829714578,1,0,85
1457.71163028362,0,0,86
1178.00965930162,1,1,87
1238.28530383178,1,1,88
1865.35087164863,0,0,89
1801.84598144284,1,1,90
1716.08331630839,0,0,91
1616.44663107044,1,1,92
1189.58291775271,1,1,93
1411.08029310356,0,0,94
1738.03090221866,0,0,95
1771.34675728886,0,0,96
872.779183636407,1,1,97
1334.59093062567,0,0,98
1797.18439395773,0,0,99
1848.5587114321,0,0,100
1568.87986939681,1,1,101
1682.31738115886,0,0,102
1267.88186858984,0,1,103
1577.39936713202,1,1,104
1529.00237675065,1,1,105
1776.54959936878,1,1,106
1417.49619563152,0,0,107
1490.25656719185,0,1,108
1832.64380188956,1,1,109
1766.60059098426,0,0,110
1563.36149173091,0,0,111
1453.9429218718,1,0,112
1247.93166897452,0,0,113
1563.87369949255,0,0,114
1713.16374582222,1,1,115
1572.12178029746,0,0,116
1586.75219621607,1,1,117
1762.7076092353,1,1,118
1640.86870654723,1,1,119
1784.29620476209,0,0,120
1729.96975379805,0,0,121
1511.46113773404,0,0,122
1113.0832914282,1,1,123
1406.85563781116,0,0,124
1734.75890156038,0,0,125
1635.47973490648,0,0,126
1334.07478539236,1,1,127
1822.49755923225,0,0,128
1827.28373148474,0,1,129
1038.47757616146,1,1,130
1796.80745451508,0,1,131
1823.22115645024,0,0,132
1474.66592505582,1,1,133
1835.34419623401,0,0,134
1435.54805818547,0,0,135
1644.2182508776,0,0,136
1880.36920904112,0,0,137
1750.87644063033,0,0,138
1733.00917164603,1,1,139
1491.41181485543,0,0,140
1578.7668842214,0,0,141
1724.63687282088,1,1,142
1588.34584918134,1,1,143
1662.72063202375,0,0,144
1460.74365496102,0,0,145
1900.04066489364,1,1,146
1564.91129675883,0,0,147
1314.56502988826,1,1,148
1577.27251132271,0,0,149
1453.47229883213,1,1,150
1805.26252198092,1,1,151
1539.41955492914,1,1,152
1660.30725488278,1,1,153
1668.81013363942,1,1,154
1638.36421832264,0,0,155
901.115015253564,0,0,156
1153.5036831873,0,0,157
1106.41106367493,1,1,158
1005.47406541717,1,1,159
1273.14477469721,0,0,160
1616.75774909909,0,0,161
1534.40659527329,0,0,162
1550.30044554758,0,0,163
1149.71135465937,0,0,164
1704.09245339285,0,0,165
1428.18726303833,0,0,166
1845.63562578283,1,1,167
1706.97511540822,0,0,168
1798.92198961614,1,1,169
1215.95969732332,1,1,170
1742.51013373051,0,0,171
1044.37690978623,0,0,172
1409.32211807881,0,0,173
1186.2859802993,0,0,174
1546.99625140962,0,0,175
1521.76645081158,1,0,176
1635.22861741664,0,0,177
1689.64298114159,0,0,178
1224.45736460564,0,0,179
1528.98673230242,0,0,180
885.7312690007,1,1,181
1586.43566247144,0,0,182
1751.6376777479,0,0,183
992.986411856393,0,0,184
1460.98517046796,1,1,185
1391.96455709087,1,1,186
1851.49072834062,0,1,187
1765.94314658051,0,1,188
1422.78273239099,0,0,189
1448.99394003828,0,0,190
1714.91397860114,0,0,191
1743.14420106119,1,1,192
1743.2417929623,1,1,193
1674.94266320902,0,0,194
1192.59826554549,0,0,195
1194.83384164126,1,1,196
1494.91523562493,1,1,197
1852.44606238843,1,1,198
1644.78213316888,1,1,199
1882.24267592003,1,1,200
1819.29622254982,0,0,1
1482.06675782044,0,1,2
1833.37524907001,1,1,3
1729.94258071435,1,1,4
1709.74572814855,0,0,5
1155.28430344413,0,0,6
1659.17200686679,1,1,7
1793.41433044638,0,0,8
1555.64597743049,0,0,9
1173.11715487319,0,0,10
1505.59814990036,0,0,11
1453.01714049994,0,0,12
1352.41663200183,0,0,13
1470.74852492873,0,1,14
1589.48382180367,1,1,15
1725.84988493628,0,0,16
1702.52244485809,0,0,17
1535.88610300831,0,0,18
1825.05438871946,0,0,19
1178.4710874514,0,0,20
1689.66726480071,0,0,21
1698.13154799249,0,1,22
1801.99267291046,0,0,23
1910.85529161298,1,1,24
1387.26745818471,1,1,25
1660.85068450355,0,0,26
1540.0347011601,1,1,27
1798.12207346044,1,1,28
1761.80503844743,1,1,29
1482.21049179881,0,0,30
1508.57227159402,0,0,31
1643.52295670091,0,0,32
1854.82559370704,1,1,33
1673.36673011422,1,1,34
1344.60924048529,0,0,35
1278.86681006125,1,1,36
1857.06335741106,1,1,37
1621.9120385344,1,1,38
1778.85774847937,1,1,39
1697.13340241573,1,1,40
990.351126270602,1,1,41
1241.34921402135,1,1,42
1591.44124548907,1,0,43
1075.3392979661,1,1,44
1461.16735579937,0,0,45
1375.33458869177,1,1,46
1777.52836808216,0,0,47
1642.3362921833,1,1,48
1506.0637608432,1,1,49
1521.17686277856,1,1,50
1438.4506337629,0,1,51
1503.00294839741,0,0,52
1502.18727494383,1,1,53
1524.67202067801,0,0,54
1558.0336941192,0,0,55
909.160420269703,0,1,56
1850.00249970269,1,1,57
1650.92800781486,0,0,58
1625.10937424623,0,0,59
1339.98588198391,1,1,60
1842.11297201774,0,0,61
1709.27913028208,0,0,62
1689.4105612573,0,0,63
1275.48651049191,1,1,64
1599.32826980881,0,0,65
1691.85649015955,1,1,66
1291.53351546845,1,1,67
1749.87528640995,1,1,68
1458.70293956552,0,0,69
1870.90361510285,1,1,70
883.178232247912,0,0,71
1729.32344497361,1,1,72
1483.16698886515,1,1,73
1471.33944562045,1,1,74
1773.83209786732,0,0,75
1715.01678881025,0,0,76
1854.07283528533,0,0,77
1751.97834390709,0,1,78
1732.90721029745,0,0,79
1832.55608781756,1,1,80
1841.88532697825,0,0,81
1581.36283056538,1,1,82
1227.70120650981,1,1,83
1774.04219353207,0,0,84
1886.87145409466,0,1,85
1671.86044475593,0,0,86
1773.24955697765,0,0,87
1675.45589006306,0,1,88
1565.08569892284,1,1,89
1147.95252094562,0,0,90
1477.59228614889,0,0,91
1576.96158066782,0,0,92
1321.22946154384,1,1,93
1854.82544581958,1,1,94
1330.96840778463,0,0,95
1748.46165969622,0,0,96
1374.11754627405,1,1,97
1484.85644239496,1,1,98
1685.84617451426,1,1,99
1654.57510793501,0,0,100
1286.3707699001,1,1,101
1704.0510746762,0,0,102
1388.15441891541,0,0,103
1839.8434187349,0,1,104
1525.66126366887,0,0,105
1320.16001508761,1,1,106
1511.93027508148,0,0,107
1429.69555680528,1,1,108
1669.2195171217,0,1,109
1278.6591612892,1,1,110
1452.47711617385,1,1,111
1678.84516198525,0,0,112
1630.66807654598,0,0,113
1423.00058369244,1,1,114
1772.0613608635,0,0,115
1788.59333426276,1,1,116
1707.3117309238,1,1,117
1731.5097698496,1,1,118
1366.31647571317,0,0,119
1719.61340019766,1,1,120
1419.14795373633,1,1,121
1589.68832822287,0,0,122
1451.2781278831,0,0,123
1614.84747766758,1,1,124
1609.31200601009,1,1,125
1771.11188940163,1,1,126
1319.23085128271,1,1,127
1781.15080921623,0,0,128
1783.27809329705,0,1,129
1690.98028642852,0,0,130
1393.63113003689,1,1,131
1799.61759269696,0,1,132
1793.2052146748,1,1,133
1044.70279572681,0,0,134
1234.28689206056,0,0,135
1547.34684126946,1,1,136
692.431703703165,1,0,137
1261.72190419769,0,0,138
1691.99467617204,0,0,139
1588.05065353119,0,0,140
1169.54524842585,1,1,141
1524.77702673899,0,0,142
1497.10405297661,1,1,143
1699.49608589661,0,0,144
1457.15625049583,1,1,145
1435.87880754576,0,0,146
1815.15986672089,0,0,147
1224.16567876083,0,0,148
1500.54721088555,1,1,149
707.530316302998,1,1,150
1771.57822252894,1,1,151
1425.42887055411,0,0,152
1653.53545205708,1,1,153
1741.83506698021,1,1,154
1666.55151028746,1,1,155
1657.98313138428,0,0,156
1857.19663031721,1,1,157
1385.43799605118,0,0,158
1734.52439128739,0,0,159
1452.90095167203,0,0,160
1558.37968673447,0,0,161
1479.44004192058,0,0,162
1534.75308264047,1,1,163
1734.56675041031,0,0,164
1572.58441835122,1,1,165
1820.01318834562,1,1,166
1674.76041520091,0,1,167
1444.47655226918,1,1,168
1072.69921785102,0,0,169
1094.56419083929,1,1,170
1798.05274851357,0,0,171
1599.6921381041,1,1,172
1779.14911998256,0,0,173
1602.81715883527,1,1,174
1227.79336934297,1,1,175
1400.68519991819,1,1,176
1799.37812000975,1,1,177
1115.94961065871,0,0,178
1635.70524860339,0,0,179
1232.35986987313,1,1,180
1128.26028100254,0,0,181
1824.05411063845,1,1,182
1726.97914239621,0,0,183
1401.1311197036,0,0,184
1667.20677609172,1,1,185
1433.03474981797,0,0,186
1719.75558172447,0,0,187
1466.45833580227,1,1,188
1745.00486257513,1,1,189
1375.40234200329,1,1,190
1692.11567542573,1,1,191
1349.96054927175,1,1,192
1541.06152044807,0,0,193
1532.28929684064,0,0,194
1598.57373027869,1,1,195
932.850320646064,1,1,196
1573.18908431208,0,0,197
1197.26917666748,0,0,198
1745.21418797042,0,0,199
1785.76536337339,0,0,200
