<?xml version="1.0" encoding="UTF-8"?><w:document xmlns:w="http://schemas.openxmlformats.org/wordprocessingml/2006/main" xmlns:m="http://schemas.openxmlformats.org/officeDocument/2006/math" xmlns:r="http://schemas.openxmlformats.org/officeDocument/2006/relationships" xmlns:o="urn:schemas-microsoft-com:office:office" xmlns:v="urn:schemas-microsoft-com:vml" xmlns:w10="urn:schemas-microsoft-com:office:word" xmlns:a="http://schemas.openxmlformats.org/drawingml/2006/main" xmlns:pic="http://schemas.openxmlformats.org/drawingml/2006/picture" xmlns:wp="http://schemas.openxmlformats.org/drawingml/2006/wordprocessingDrawing"><w:body><w:p><w:pPr><w:pStyle w:val="Title" /></w:pPr><w:r><w:t xml:space="preserve">成果報酬は従業員の生産性を高めるか？</w:t></w:r></w:p><w:p><w:pPr><w:pStyle w:val="Subtitle" /></w:pPr><w:r><w:t xml:space="preserve">人事データを用いた定量的な評価</w:t></w:r></w:p><w:p><w:pPr><w:pStyle w:val="Author" /></w:pPr><w:r><w:t xml:space="preserve">人事</w:t></w:r><w:r><w:t xml:space="preserve"> </w:t></w:r><w:r><w:t xml:space="preserve">花子</w:t></w:r><w:r><w:rPr><w:rStyle w:val="FootnoteReference" /></w:rPr><w:footnoteReference w:id="20" /></w:r></w:p><w:p><w:pPr><w:pStyle w:val="Author" /></w:pPr><w:r><w:t xml:space="preserve">組織</w:t></w:r><w:r><w:t xml:space="preserve"> </w:t></w:r><w:r><w:t xml:space="preserve">太郎</w:t></w:r><w:r><w:rPr><w:rStyle w:val="FootnoteReference" /></w:rPr><w:footnoteReference w:id="22" /></w:r></w:p><w:p><w:pPr><w:pStyle w:val="Date" /></w:pPr><w:r><w:t xml:space="preserve">最終更新：2022年5月16日13:29</w:t></w:r></w:p><w:p><w:pPr><w:pStyle w:val="Abstract" /></w:pPr><w:r><w:rPr><w:bCs /><w:b /></w:rPr><w:t xml:space="preserve">要旨：</w:t></w:r><w:r><w:t xml:space="preserve">本稿では，実際の企業の人事データを利用して，成果報酬制度が従業員の生産性に与える効果を検証する．本稿では，実際の企業の人事データを利用して，成果報酬制度が従業員の生産性に与える効果を検証する．本稿では，実際の企業の人事データを利用して，成果報酬制度が従業員の生産性に与える効果を検証する．本稿では，実際の企業の人事データを利用して，成果報酬制度が従業員の生産性に与える効果を検証する．本稿では，実際の企業の人事データを利用して，成果報酬制度が従業員の生産性に与える効果を検証する．</w:t></w:r></w:p><w:bookmarkStart w:id="28" w:name="はじめに" /><w:p><w:pPr><w:pStyle w:val="Heading1" /></w:pPr><w:r><w:rPr><w:rStyle w:val="SectionNumber" /></w:rPr><w:t xml:space="preserve">1</w:t></w:r><w:r><w:tab /></w:r><w:r><w:t xml:space="preserve">はじめに</w:t></w:r></w:p><w:p><w:pPr><w:pStyle w:val="FirstParagraph" /></w:pPr><w:r><w:rPr><w:bCs /><w:b /></w:rPr><w:t xml:space="preserve">太字</w:t></w:r><w:r><w:t xml:space="preserve">は</w:t></w:r><w:r><w:rPr><w:rStyle w:val="VerbatimChar" /></w:rPr><w:t xml:space="preserve">**太字**</w:t></w:r><w:r><w:t xml:space="preserve">とすればよい．</w:t></w:r><w:r><w:rPr><w:iCs /><w:i /></w:rPr><w:t xml:space="preserve">斜体字</w:t></w:r><w:r><w:t xml:space="preserve">は</w:t></w:r><w:r><w:rPr><w:rStyle w:val="VerbatimChar" /></w:rPr><w:t xml:space="preserve">**斜体字**</w:t></w:r><w:r><w:t xml:space="preserve">である．</w:t></w:r><w:r><w:t xml:space="preserve"> </w:t></w:r><w:r><w:t xml:space="preserve">ハイパーリンクは次の通り，</w:t></w:r><w:r><w:rPr><w:rStyle w:val="VerbatimChar" /></w:rPr><w:t xml:space="preserve">[ウェブサイト](URL)</w:t></w:r><w:r><w:t xml:space="preserve">のようにすればよい．</w:t></w:r><w:r><w:t xml:space="preserve"> </w:t></w:r><w:hyperlink r:id="rId24"><w:r><w:rPr><w:rStyle w:val="Hyperlink" /></w:rPr><w:t xml:space="preserve">TAセッションのwebページ</w:t></w:r></w:hyperlink><w:r><w:t xml:space="preserve">．</w:t></w:r><w:r><w:t xml:space="preserve"> </w:t></w:r><w:r><w:t xml:space="preserve">セクションは</w:t></w:r><w:r><w:rPr><w:rStyle w:val="VerbatimChar" /></w:rPr><w:t xml:space="preserve">#</w:t></w:r><w:r><w:t xml:space="preserve">を使う．</w:t></w:r><w:r><w:t xml:space="preserve"> </w:t></w:r><w:r><w:rPr><w:rStyle w:val="VerbatimChar" /></w:rPr><w:t xml:space="preserve">#</w:t></w:r><w:r><w:t xml:space="preserve">の数が多いほど，セクションのレベルが下がる．</w:t></w:r></w:p><w:bookmarkStart w:id="27" w:name="シャープが２つサブセクション" /><w:p><w:pPr><w:pStyle w:val="Heading2" /></w:pPr><w:r><w:rPr><w:rStyle w:val="SectionNumber" /></w:rPr><w:t xml:space="preserve">1.1</w:t></w:r><w:r><w:tab /></w:r><w:r><w:t xml:space="preserve">シャープが２つ（サブセクション）</w:t></w:r></w:p><w:p><w:pPr><w:pStyle w:val="FirstParagraph" /></w:pPr><w:r><w:t xml:space="preserve">シャープが２つ．</w:t></w:r></w:p><w:bookmarkStart w:id="26" w:name="シャープが３つサブサブセクション" /><w:p><w:pPr><w:pStyle w:val="Heading3" /></w:pPr><w:r><w:rPr><w:rStyle w:val="SectionNumber" /></w:rPr><w:t xml:space="preserve">1.1.1</w:t></w:r><w:r><w:tab /></w:r><w:r><w:t xml:space="preserve">シャープが３つ（サブサブセクション）</w:t></w:r></w:p><w:p><w:pPr><w:pStyle w:val="FirstParagraph" /></w:pPr><w:r><w:t xml:space="preserve">シャープが３つ．</w:t></w:r></w:p><w:bookmarkStart w:id="25" w:name="シャープが４つサブサブサブセクション" /><w:p><w:pPr><w:pStyle w:val="Heading4" /></w:pPr><w:r><w:rPr><w:rStyle w:val="SectionNumber" /></w:rPr><w:t xml:space="preserve">1.1.1.1</w:t></w:r><w:r><w:tab /></w:r><w:r><w:t xml:space="preserve">シャープが４つ（サブサブサブセクション）</w:t></w:r></w:p><w:p><w:pPr><w:pStyle w:val="FirstParagraph" /></w:pPr><w:r><w:t xml:space="preserve">シャープが４つ．</w:t></w:r></w:p><w:bookmarkEnd w:id="25" /><w:bookmarkEnd w:id="26" /><w:bookmarkEnd w:id="27" /><w:bookmarkEnd w:id="28" /><w:bookmarkStart w:id="29" w:name="先行研究" /><w:p><w:pPr><w:pStyle w:val="Heading1" /></w:pPr><w:r><w:rPr><w:rStyle w:val="SectionNumber" /></w:rPr><w:t xml:space="preserve">2</w:t></w:r><w:r><w:tab /></w:r><w:r><w:t xml:space="preserve">先行研究</w:t></w:r></w:p><w:p><w:pPr><w:pStyle w:val="FirstParagraph" /></w:pPr><w:r><w:t xml:space="preserve">成果報酬と生産性のカノニカルな論文と言えば，</w:t></w:r><w:r><w:t xml:space="preserve">(Lazear 2000)</w:t></w:r><w:r><w:t xml:space="preserve">である．引用する際には，</w:t></w:r><w:r><w:rPr><w:rStyle w:val="VerbatimChar" /></w:rPr><w:t xml:space="preserve">bibliography.bib</w:t></w:r><w:r><w:t xml:space="preserve">というファイルにbibtex形式で情報を入れた上で，本文の中では</w:t></w:r><w:r><w:rPr><w:rStyle w:val="VerbatimChar" /></w:rPr><w:t xml:space="preserve">[@lazear2000performance]</w:t></w:r><w:r><w:t xml:space="preserve">のようにすればよい．</w:t></w:r></w:p><w:bookmarkEnd w:id="29" /><w:bookmarkStart w:id="30" w:name="理論モデル" /><w:p><w:pPr><w:pStyle w:val="Heading1" /></w:pPr><w:r><w:rPr><w:rStyle w:val="SectionNumber" /></w:rPr><w:t xml:space="preserve">3</w:t></w:r><w:r><w:tab /></w:r><w:r><w:t xml:space="preserve">理論モデル</w:t></w:r></w:p><w:p><w:pPr><w:pStyle w:val="FirstParagraph" /></w:pPr><w:r><w:t xml:space="preserve">数式も使える．ほぼLaTeXと同じように使える．従業員の効用関数を，</w:t></w:r></w:p><w:p><w:pPr><w:pStyle w:val="BodyText" /></w:pPr><m:oMathPara><m:oMathParaPr><m:jc m:val="center" /></m:oMathParaPr><m:oMath><m:r><m:t>U</m:t></m:r><m:r><m:rPr><m:sty m:val="p" /></m:rPr><m:t>=</m:t></m:r><m:r><m:t>f</m:t></m:r><m:d><m:dPr><m:begChr m:val="(" /><m:endChr m:val=")" /><m:sepChr m:val="" /><m:grow /></m:dPr><m:e><m:r><m:t>Y</m:t></m:r><m:r><m:rPr><m:sty m:val="p" /></m:rPr><m:t>,</m:t></m:r><m:r><m:t>X</m:t></m:r></m:e></m:d><m:r><m:rPr><m:sty m:val="p" /></m:rPr><m:t>,</m:t></m:r></m:oMath></m:oMathPara></w:p><w:p><w:pPr><w:pStyle w:val="FirstParagraph" /></w:pPr><w:r><w:t xml:space="preserve">とする．これは</w:t></w:r><w:r><w:rPr><w:rStyle w:val="VerbatimChar" /></w:rPr><w:t xml:space="preserve">$$ U = f(Y , X), $$</w:t></w:r><w:r><w:t xml:space="preserve">と入力すればよい．インテキストの数式も，</w:t></w:r><w:r><w:rPr><w:rStyle w:val="VerbatimChar" /></w:rPr><w:t xml:space="preserve">$\frac{\partial U}{\partial Y}$</w:t></w:r><w:r><w:t xml:space="preserve">のように書けば，</w:t></w:r><m:oMath><m:f><m:fPr><m:type m:val="bar" /></m:fPr><m:num><m:r><m:rPr><m:sty m:val="p" /></m:rPr><m:t>∂</m:t></m:r><m:r><m:t>U</m:t></m:r></m:num><m:den><m:r><m:rPr><m:sty m:val="p" /></m:rPr><m:t>∂</m:t></m:r><m:r><m:t>Y</m:t></m:r></m:den></m:f></m:oMath><w:r><w:t xml:space="preserve">となる．</w:t></w:r></w:p><w:bookmarkEnd w:id="30" /><w:bookmarkStart w:id="32" w:name="データ" /><w:p><w:pPr><w:pStyle w:val="Heading1" /></w:pPr><w:r><w:rPr><w:rStyle w:val="SectionNumber" /></w:rPr><w:t xml:space="preserve">4</w:t></w:r><w:r><w:tab /></w:r><w:r><w:t xml:space="preserve">データ</w:t></w:r></w:p><w:p><w:pPr><w:pStyle w:val="FirstParagraph" /></w:pPr><w:r><w:t xml:space="preserve">架空のデータを用いる．チャンクのオプションで</w:t></w:r><w:r><w:rPr><w:rStyle w:val="VerbatimChar" /></w:rPr><w:t xml:space="preserve">include=FALSE</w:t></w:r><w:r><w:t xml:space="preserve">と指定すれば，そのチャンクコードは出力されるファイルには表示されない．</w:t></w:r></w:p><w:p><w:pPr><w:pStyle w:val="BodyText" /></w:pPr><w:r><w:t xml:space="preserve">この直前にはチャンクが隠されており，データを読み込むコードが実行されている．Rmdファイル上では次のようなテキストが入力されている．</w:t></w:r></w:p><w:p><w:pPr><w:pStyle w:val="SourceCode" /></w:pPr><w:r><w:rPr><w:rStyle w:val="VerbatimChar" /></w:rPr><w:t xml:space="preserve">```{r include=FALSE}</w:t></w:r><w:r><w:br /></w:r><w:r><w:rPr><w:rStyle w:val="VerbatimChar" /></w:rPr><w:t xml:space="preserve">mydata &lt;- readr::read_csv(&quot;simulated_data.csv&quot;)</w:t></w:r><w:r><w:br /></w:r><w:r><w:rPr><w:rStyle w:val="VerbatimChar" /></w:rPr><w:t xml:space="preserve">```</w:t></w:r></w:p><w:bookmarkStart w:id="31" w:name="記述統計" /><w:p><w:pPr><w:pStyle w:val="Heading2" /></w:pPr><w:r><w:rPr><w:rStyle w:val="SectionNumber" /></w:rPr><w:t xml:space="preserve">4.1</w:t></w:r><w:r><w:tab /></w:r><w:r><w:t xml:space="preserve">記述統計</w:t></w:r></w:p><w:p><w:pPr><w:pStyle w:val="FirstParagraph" /></w:pPr><w:r><w:t xml:space="preserve">記述統計量は</w:t></w:r><w:r><w:rPr><w:bCs /><w:b /></w:rPr><w:t xml:space="preserve">modelsummary</w:t></w:r><w:r><w:t xml:space="preserve">パッケージの</w:t></w:r><w:r><w:rPr><w:rStyle w:val="VerbatimChar" /></w:rPr><w:t xml:space="preserve">datasummary</w:t></w:r><w:r><w:t xml:space="preserve">関数を用いるとよい．</w:t></w:r></w:p><w:p><w:pPr><w:pStyle w:val="TableCaption" /></w:pPr><w:r><w:rPr><w:rFonts/><w:b w:val="true"/></w:rPr><w:t xml:space="preserve">Table </w:t></w:r><w:bookmarkStart w:id="b347fd5d-6b57-44fa-9dd0-86aaae6a140f" w:name="unnamed-chunk-2"/><w:r xmlns:w="http://schemas.openxmlformats.org/wordprocessingml/2006/main" xmlns:wp="http://schemas.openxmlformats.org/drawingml/2006/wordprocessingDrawing" xmlns:r="http://schemas.openxmlformats.org/officeDocument/2006/relationships" xmlns:w14="http://schemas.microsoft.com/office/word/2010/wordml"><w:rPr><w:rFonts/><w:b w:val="true"/></w:rPr><w:fldChar w:fldCharType="begin" w:dirty="true"/></w:r><w:r xmlns:w="http://schemas.openxmlformats.org/wordprocessingml/2006/main" xmlns:wp="http://schemas.openxmlformats.org/drawingml/2006/wordprocessingDrawing" xmlns:r="http://schemas.openxmlformats.org/officeDocument/2006/relationships" xmlns:w14="http://schemas.microsoft.com/office/word/2010/wordml"><w:rPr><w:rFonts/><w:b w:val="true"/></w:rPr><w:instrText xml:space="preserve" w:dirty="true">SEQ tab \* Arabic</w:instrText></w:r><w:r xmlns:w="http://schemas.openxmlformats.org/wordprocessingml/2006/main" xmlns:wp="http://schemas.openxmlformats.org/drawingml/2006/wordprocessingDrawing" xmlns:r="http://schemas.openxmlformats.org/officeDocument/2006/relationships" xmlns:w14="http://schemas.microsoft.com/office/word/2010/wordml"><w:rPr><w:rFonts/><w:b w:val="true"/></w:rPr><w:fldChar w:fldCharType="end" w:dirty="true"/></w:r><w:bookmarkEnd w:id="b347fd5d-6b57-44fa-9dd0-86aaae6a140f"/><w:r><w:t xml:space="preserve">: </w:t></w:r><w:r><w:t xml:space="preserve">記述統計量</w:t></w:r></w:p><w:tbl xmlns:w="http://schemas.openxmlformats.org/wordprocessingml/2006/main" xmlns:r="http://schemas.openxmlformats.org/officeDocument/2006/relationships" xmlns:w14="http://schemas.microsoft.com/office/word/2010/wordml" xmlns:wp="http://schemas.openxmlformats.org/drawingml/2006/wordprocessingDrawing" xmlns:a="http://schemas.openxmlformats.org/drawingml/2006/main" xmlns:pic="http://schemas.openxmlformats.org/drawingml/2006/picture"><w:tblPr><w:tblLayout w:type="fixed"/><w:jc w:val="center"/><w:tblLook w:firstRow="1" w:lastRow="0" w:firstColumn="0" w:lastColumn="0" w:noHBand="0" w:noVBand="1"/></w:tblPr><w:tblGrid><w:gridCol w:w="1080"/><w:gridCol w:w="1080"/><w:gridCol w:w="1080"/><w:gridCol w:w="1080"/><w:gridCol w:w="1080"/><w:gridCol w:w="1080"/></w:tblGrid><w:tr><w:trPr><w:cantSplit/><w:trHeight w:val="360" w:hRule="auto"/><w:tblHeader/></w:trPr><w:tc><w:tcPr><w:tcBorders><w:bottom w:val="single" w:sz="16" w:space="0" w:color="666666" /><w:top w:val="single" w:sz="16" w:space="0" w:color="666666" /></w:tcBorders><w:shd w:val="clear" w:color="auto" w:fill="FFFFFF"/><w:tcMar><w:top w:w="0" w:type="dxa"/><w:bottom w:w="0" w:type="dxa"/><w:left w:w="0" w:type="dxa"/><w:right w:w="0" w:type="dxa"/></w:tcMar><w:vAlign w:val="center"/></w:tcPr><w:p><w:pPr><w:keepNext/><w:jc w:val="left"/><w:spacing w:after="100" w:before="100" w:line="240"/><w:ind w:firstLine="0" w:left="100" w:right="100"/></w:pPr><w:r xmlns:w="http://schemas.openxmlformats.org/wordprocessingml/2006/main" xmlns:wp="http://schemas.openxmlformats.org/drawingml/2006/wordprocessingDrawing" xmlns:r="http://schemas.openxmlformats.org/officeDocument/2006/relationships" xmlns:w14="http://schemas.microsoft.com/office/word/2010/wordml"><w:rPr><w:rFonts w:ascii="Helvetica" w:hAnsi="Helvetica" w:eastAsia="Helvetica" w:cs="Helvetica"/><w:sz w:val="22"/><w:szCs w:val="22"/><w:color w:val="000000"/></w:rPr><w:t xml:space="preserve"> </w:t></w:r></w:p></w:tc><w:tc><w:tcPr><w:tcBorders><w:bottom w:val="single" w:sz="16" w:space="0" w:color="666666" /><w:top w:val="single" w:sz="16" w:space="0" w:color="666666" /></w:tcBorders><w:shd w:val="clear" w:color="auto" w:fill="FFFFFF"/><w:tcMar><w:top w:w="0" w:type="dxa"/><w:bottom w:w="0" w:type="dxa"/><w:left w:w="0" w:type="dxa"/><w:right w:w="0" w:type="dxa"/></w:tcMar><w:vAlign w:val="center"/></w:tcPr><w:p><w:pPr><w:keepNext/><w:jc w:val="left"/><w:spacing w:after="100" w:before="100" w:line="240"/><w:ind w:firstLine="0" w:left="100" w:right="100"/></w:pPr><w:r xmlns:w="http://schemas.openxmlformats.org/wordprocessingml/2006/main" xmlns:wp="http://schemas.openxmlformats.org/drawingml/2006/wordprocessingDrawing" xmlns:r="http://schemas.openxmlformats.org/officeDocument/2006/relationships" xmlns:w14="http://schemas.microsoft.com/office/word/2010/wordml"><w:rPr><w:rFonts w:ascii="Helvetica" w:hAnsi="Helvetica" w:eastAsia="Helvetica" w:cs="Helvetica"/><w:sz w:val="22"/><w:szCs w:val="22"/><w:color w:val="000000"/></w:rPr><w:t xml:space="preserve">N</w:t></w:r></w:p></w:tc><w:tc><w:tcPr><w:tcBorders><w:bottom w:val="single" w:sz="16" w:space="0" w:color="666666" /><w:top w:val="single" w:sz="16" w:space="0" w:color="666666" /></w:tcBorders><w:shd w:val="clear" w:color="auto" w:fill="FFFFFF"/><w:tcMar><w:top w:w="0" w:type="dxa"/><w:bottom w:w="0" w:type="dxa"/><w:left w:w="0" w:type="dxa"/><w:right w:w="0" w:type="dxa"/></w:tcMar><w:vAlign w:val="center"/></w:tcPr><w:p><w:pPr><w:keepNext/><w:jc w:val="left"/><w:spacing w:after="100" w:before="100" w:line="240"/><w:ind w:firstLine="0" w:left="100" w:right="100"/></w:pPr><w:r xmlns:w="http://schemas.openxmlformats.org/wordprocessingml/2006/main" xmlns:wp="http://schemas.openxmlformats.org/drawingml/2006/wordprocessingDrawing" xmlns:r="http://schemas.openxmlformats.org/officeDocument/2006/relationships" xmlns:w14="http://schemas.microsoft.com/office/word/2010/wordml"><w:rPr><w:rFonts w:ascii="Helvetica" w:hAnsi="Helvetica" w:eastAsia="Helvetica" w:cs="Helvetica"/><w:sz w:val="22"/><w:szCs w:val="22"/><w:color w:val="000000"/></w:rPr><w:t xml:space="preserve">Mean</w:t></w:r></w:p></w:tc><w:tc><w:tcPr><w:tcBorders><w:bottom w:val="single" w:sz="16" w:space="0" w:color="666666" /><w:top w:val="single" w:sz="16" w:space="0" w:color="666666" /></w:tcBorders><w:shd w:val="clear" w:color="auto" w:fill="FFFFFF"/><w:tcMar><w:top w:w="0" w:type="dxa"/><w:bottom w:w="0" w:type="dxa"/><w:left w:w="0" w:type="dxa"/><w:right w:w="0" w:type="dxa"/></w:tcMar><w:vAlign w:val="center"/></w:tcPr><w:p><w:pPr><w:keepNext/><w:jc w:val="left"/><w:spacing w:after="100" w:before="100" w:line="240"/><w:ind w:firstLine="0" w:left="100" w:right="100"/></w:pPr><w:r xmlns:w="http://schemas.openxmlformats.org/wordprocessingml/2006/main" xmlns:wp="http://schemas.openxmlformats.org/drawingml/2006/wordprocessingDrawing" xmlns:r="http://schemas.openxmlformats.org/officeDocument/2006/relationships" xmlns:w14="http://schemas.microsoft.com/office/word/2010/wordml"><w:rPr><w:rFonts w:ascii="Helvetica" w:hAnsi="Helvetica" w:eastAsia="Helvetica" w:cs="Helvetica"/><w:sz w:val="22"/><w:szCs w:val="22"/><w:color w:val="000000"/></w:rPr><w:t xml:space="preserve">SD</w:t></w:r></w:p></w:tc><w:tc><w:tcPr><w:tcBorders><w:bottom w:val="single" w:sz="16" w:space="0" w:color="666666" /><w:top w:val="single" w:sz="16" w:space="0" w:color="666666" /></w:tcBorders><w:shd w:val="clear" w:color="auto" w:fill="FFFFFF"/><w:tcMar><w:top w:w="0" w:type="dxa"/><w:bottom w:w="0" w:type="dxa"/><w:left w:w="0" w:type="dxa"/><w:right w:w="0" w:type="dxa"/></w:tcMar><w:vAlign w:val="center"/></w:tcPr><w:p><w:pPr><w:keepNext/><w:jc w:val="left"/><w:spacing w:after="100" w:before="100" w:line="240"/><w:ind w:firstLine="0" w:left="100" w:right="100"/></w:pPr><w:r xmlns:w="http://schemas.openxmlformats.org/wordprocessingml/2006/main" xmlns:wp="http://schemas.openxmlformats.org/drawingml/2006/wordprocessingDrawing" xmlns:r="http://schemas.openxmlformats.org/officeDocument/2006/relationships" xmlns:w14="http://schemas.microsoft.com/office/word/2010/wordml"><w:rPr><w:rFonts w:ascii="Helvetica" w:hAnsi="Helvetica" w:eastAsia="Helvetica" w:cs="Helvetica"/><w:sz w:val="22"/><w:szCs w:val="22"/><w:color w:val="000000"/></w:rPr><w:t xml:space="preserve">Min</w:t></w:r></w:p></w:tc><w:tc><w:tcPr><w:tcBorders><w:bottom w:val="single" w:sz="16" w:space="0" w:color="666666" /><w:top w:val="single" w:sz="16" w:space="0" w:color="666666" /></w:tcBorders><w:shd w:val="clear" w:color="auto" w:fill="FFFFFF"/><w:tcMar><w:top w:w="0" w:type="dxa"/><w:bottom w:w="0" w:type="dxa"/><w:left w:w="0" w:type="dxa"/><w:right w:w="0" w:type="dxa"/></w:tcMar><w:vAlign w:val="center"/></w:tcPr><w:p><w:pPr><w:keepNext/><w:jc w:val="left"/><w:spacing w:after="100" w:before="100" w:line="240"/><w:ind w:firstLine="0" w:left="100" w:right="100"/></w:pPr><w:r xmlns:w="http://schemas.openxmlformats.org/wordprocessingml/2006/main" xmlns:wp="http://schemas.openxmlformats.org/drawingml/2006/wordprocessingDrawing" xmlns:r="http://schemas.openxmlformats.org/officeDocument/2006/relationships" xmlns:w14="http://schemas.microsoft.com/office/word/2010/wordml"><w:rPr><w:rFonts w:ascii="Helvetica" w:hAnsi="Helvetica" w:eastAsia="Helvetica" w:cs="Helvetica"/><w:sz w:val="22"/><w:szCs w:val="22"/><w:color w:val="000000"/></w:rPr><w:t xml:space="preserve">Max</w:t></w:r></w:p></w:tc></w:tr><w:tr><w:trPr><w:cantSplit/><w:trHeight w:val="360" w:hRule="auto"/></w:trPr><w:tc><w:tcPr><w:tcBorders></w:tcBorders><w:shd w:val="clear" w:color="auto" w:fill="FFFFFF"/><w:tcMar><w:top w:w="0" w:type="dxa"/><w:bottom w:w="0" w:type="dxa"/><w:left w:w="0" w:type="dxa"/><w:right w:w="0" w:type="dxa"/></w:tcMar><w:vAlign w:val="center"/></w:tcPr><w:p><w:pPr><w:keepNext/><w:jc w:val="left"/><w:spacing w:after="100" w:before="100" w:line="240"/><w:ind w:firstLine="0" w:left="100" w:right="100"/></w:pPr><w:r xmlns:w="http://schemas.openxmlformats.org/wordprocessingml/2006/main" xmlns:wp="http://schemas.openxmlformats.org/drawingml/2006/wordprocessingDrawing" xmlns:r="http://schemas.openxmlformats.org/officeDocument/2006/relationships" xmlns:w14="http://schemas.microsoft.com/office/word/2010/wordml"><w:rPr><w:rFonts w:ascii="Helvetica" w:hAnsi="Helvetica" w:eastAsia="Helvetica" w:cs="Helvetica"/><w:sz w:val="22"/><w:szCs w:val="22"/><w:color w:val="000000"/></w:rPr><w:t xml:space="preserve">平均売り上げ（万円）</w:t></w:r></w:p></w:tc><w:tc><w:tcPr><w:tcBorders></w:tcBorders><w:shd w:val="clear" w:color="auto" w:fill="FFFFFF"/><w:tcMar><w:top w:w="0" w:type="dxa"/><w:bottom w:w="0" w:type="dxa"/><w:left w:w="0" w:type="dxa"/><w:right w:w="0" w:type="dxa"/></w:tcMar><w:vAlign w:val="center"/></w:tcPr><w:p><w:pPr><w:keepNext/><w:jc w:val="left"/><w:spacing w:after="100" w:before="100" w:line="240"/><w:ind w:firstLine="0" w:left="100" w:right="100"/></w:pPr><w:r xmlns:w="http://schemas.openxmlformats.org/wordprocessingml/2006/main" xmlns:wp="http://schemas.openxmlformats.org/drawingml/2006/wordprocessingDrawing" xmlns:r="http://schemas.openxmlformats.org/officeDocument/2006/relationships" xmlns:w14="http://schemas.microsoft.com/office/word/2010/wordml"><w:rPr><w:rFonts w:ascii="Helvetica" w:hAnsi="Helvetica" w:eastAsia="Helvetica" w:cs="Helvetica"/><w:sz w:val="22"/><w:szCs w:val="22"/><w:color w:val="000000"/></w:rPr><w:t xml:space="preserve">1000</w:t></w:r></w:p></w:tc><w:tc><w:tcPr><w:tcBorders></w:tcBorders><w:shd w:val="clear" w:color="auto" w:fill="FFFFFF"/><w:tcMar><w:top w:w="0" w:type="dxa"/><w:bottom w:w="0" w:type="dxa"/><w:left w:w="0" w:type="dxa"/><w:right w:w="0" w:type="dxa"/></w:tcMar><w:vAlign w:val="center"/></w:tcPr><w:p><w:pPr><w:keepNext/><w:jc w:val="left"/><w:spacing w:after="100" w:before="100" w:line="240"/><w:ind w:firstLine="0" w:left="100" w:right="100"/></w:pPr><w:r xmlns:w="http://schemas.openxmlformats.org/wordprocessingml/2006/main" xmlns:wp="http://schemas.openxmlformats.org/drawingml/2006/wordprocessingDrawing" xmlns:r="http://schemas.openxmlformats.org/officeDocument/2006/relationships" xmlns:w14="http://schemas.microsoft.com/office/word/2010/wordml"><w:rPr><w:rFonts w:ascii="Helvetica" w:hAnsi="Helvetica" w:eastAsia="Helvetica" w:cs="Helvetica"/><w:sz w:val="22"/><w:szCs w:val="22"/><w:color w:val="000000"/></w:rPr><w:t xml:space="preserve">1539.03</w:t></w:r></w:p></w:tc><w:tc><w:tcPr><w:tcBorders></w:tcBorders><w:shd w:val="clear" w:color="auto" w:fill="FFFFFF"/><w:tcMar><w:top w:w="0" w:type="dxa"/><w:bottom w:w="0" w:type="dxa"/><w:left w:w="0" w:type="dxa"/><w:right w:w="0" w:type="dxa"/></w:tcMar><w:vAlign w:val="center"/></w:tcPr><w:p><w:pPr><w:keepNext/><w:jc w:val="left"/><w:spacing w:after="100" w:before="100" w:line="240"/><w:ind w:firstLine="0" w:left="100" w:right="100"/></w:pPr><w:r xmlns:w="http://schemas.openxmlformats.org/wordprocessingml/2006/main" xmlns:wp="http://schemas.openxmlformats.org/drawingml/2006/wordprocessingDrawing" xmlns:r="http://schemas.openxmlformats.org/officeDocument/2006/relationships" xmlns:w14="http://schemas.microsoft.com/office/word/2010/wordml"><w:rPr><w:rFonts w:ascii="Helvetica" w:hAnsi="Helvetica" w:eastAsia="Helvetica" w:cs="Helvetica"/><w:sz w:val="22"/><w:szCs w:val="22"/><w:color w:val="000000"/></w:rPr><w:t xml:space="preserve">233.82</w:t></w:r></w:p></w:tc><w:tc><w:tcPr><w:tcBorders></w:tcBorders><w:shd w:val="clear" w:color="auto" w:fill="FFFFFF"/><w:tcMar><w:top w:w="0" w:type="dxa"/><w:bottom w:w="0" w:type="dxa"/><w:left w:w="0" w:type="dxa"/><w:right w:w="0" w:type="dxa"/></w:tcMar><w:vAlign w:val="center"/></w:tcPr><w:p><w:pPr><w:keepNext/><w:jc w:val="left"/><w:spacing w:after="100" w:before="100" w:line="240"/><w:ind w:firstLine="0" w:left="100" w:right="100"/></w:pPr><w:r xmlns:w="http://schemas.openxmlformats.org/wordprocessingml/2006/main" xmlns:wp="http://schemas.openxmlformats.org/drawingml/2006/wordprocessingDrawing" xmlns:r="http://schemas.openxmlformats.org/officeDocument/2006/relationships" xmlns:w14="http://schemas.microsoft.com/office/word/2010/wordml"><w:rPr><w:rFonts w:ascii="Helvetica" w:hAnsi="Helvetica" w:eastAsia="Helvetica" w:cs="Helvetica"/><w:sz w:val="22"/><w:szCs w:val="22"/><w:color w:val="000000"/></w:rPr><w:t xml:space="preserve">200.27</w:t></w:r></w:p></w:tc><w:tc><w:tcPr><w:tcBorders></w:tcBorders><w:shd w:val="clear" w:color="auto" w:fill="FFFFFF"/><w:tcMar><w:top w:w="0" w:type="dxa"/><w:bottom w:w="0" w:type="dxa"/><w:left w:w="0" w:type="dxa"/><w:right w:w="0" w:type="dxa"/></w:tcMar><w:vAlign w:val="center"/></w:tcPr><w:p><w:pPr><w:keepNext/><w:jc w:val="left"/><w:spacing w:after="100" w:before="100" w:line="240"/><w:ind w:firstLine="0" w:left="100" w:right="100"/></w:pPr><w:r xmlns:w="http://schemas.openxmlformats.org/wordprocessingml/2006/main" xmlns:wp="http://schemas.openxmlformats.org/drawingml/2006/wordprocessingDrawing" xmlns:r="http://schemas.openxmlformats.org/officeDocument/2006/relationships" xmlns:w14="http://schemas.microsoft.com/office/word/2010/wordml"><w:rPr><w:rFonts w:ascii="Helvetica" w:hAnsi="Helvetica" w:eastAsia="Helvetica" w:cs="Helvetica"/><w:sz w:val="22"/><w:szCs w:val="22"/><w:color w:val="000000"/></w:rPr><w:t xml:space="preserve">1955.70</w:t></w:r></w:p></w:tc></w:tr><w:tr><w:trPr><w:cantSplit/><w:trHeight w:val="360" w:hRule="auto"/></w:trPr><w:tc><w:tcPr><w:tcBorders></w:tcBorders><w:shd w:val="clear" w:color="auto" w:fill="FFFFFF"/><w:tcMar><w:top w:w="0" w:type="dxa"/><w:bottom w:w="0" w:type="dxa"/><w:left w:w="0" w:type="dxa"/><w:right w:w="0" w:type="dxa"/></w:tcMar><w:vAlign w:val="center"/></w:tcPr><w:p><w:pPr><w:keepNext/><w:jc w:val="left"/><w:spacing w:after="100" w:before="100" w:line="240"/><w:ind w:firstLine="0" w:left="100" w:right="100"/></w:pPr><w:r xmlns:w="http://schemas.openxmlformats.org/wordprocessingml/2006/main" xmlns:wp="http://schemas.openxmlformats.org/drawingml/2006/wordprocessingDrawing" xmlns:r="http://schemas.openxmlformats.org/officeDocument/2006/relationships" xmlns:w14="http://schemas.microsoft.com/office/word/2010/wordml"><w:rPr><w:rFonts w:ascii="Helvetica" w:hAnsi="Helvetica" w:eastAsia="Helvetica" w:cs="Helvetica"/><w:sz w:val="22"/><w:szCs w:val="22"/><w:color w:val="000000"/></w:rPr><w:t xml:space="preserve">成果報酬ダミー</w:t></w:r></w:p></w:tc><w:tc><w:tcPr><w:tcBorders></w:tcBorders><w:shd w:val="clear" w:color="auto" w:fill="FFFFFF"/><w:tcMar><w:top w:w="0" w:type="dxa"/><w:bottom w:w="0" w:type="dxa"/><w:left w:w="0" w:type="dxa"/><w:right w:w="0" w:type="dxa"/></w:tcMar><w:vAlign w:val="center"/></w:tcPr><w:p><w:pPr><w:keepNext/><w:jc w:val="left"/><w:spacing w:after="100" w:before="100" w:line="240"/><w:ind w:firstLine="0" w:left="100" w:right="100"/></w:pPr><w:r xmlns:w="http://schemas.openxmlformats.org/wordprocessingml/2006/main" xmlns:wp="http://schemas.openxmlformats.org/drawingml/2006/wordprocessingDrawing" xmlns:r="http://schemas.openxmlformats.org/officeDocument/2006/relationships" xmlns:w14="http://schemas.microsoft.com/office/word/2010/wordml"><w:rPr><w:rFonts w:ascii="Helvetica" w:hAnsi="Helvetica" w:eastAsia="Helvetica" w:cs="Helvetica"/><w:sz w:val="22"/><w:szCs w:val="22"/><w:color w:val="000000"/></w:rPr><w:t xml:space="preserve">1000</w:t></w:r></w:p></w:tc><w:tc><w:tcPr><w:tcBorders></w:tcBorders><w:shd w:val="clear" w:color="auto" w:fill="FFFFFF"/><w:tcMar><w:top w:w="0" w:type="dxa"/><w:bottom w:w="0" w:type="dxa"/><w:left w:w="0" w:type="dxa"/><w:right w:w="0" w:type="dxa"/></w:tcMar><w:vAlign w:val="center"/></w:tcPr><w:p><w:pPr><w:keepNext/><w:jc w:val="left"/><w:spacing w:after="100" w:before="100" w:line="240"/><w:ind w:firstLine="0" w:left="100" w:right="100"/></w:pPr><w:r xmlns:w="http://schemas.openxmlformats.org/wordprocessingml/2006/main" xmlns:wp="http://schemas.openxmlformats.org/drawingml/2006/wordprocessingDrawing" xmlns:r="http://schemas.openxmlformats.org/officeDocument/2006/relationships" xmlns:w14="http://schemas.microsoft.com/office/word/2010/wordml"><w:rPr><w:rFonts w:ascii="Helvetica" w:hAnsi="Helvetica" w:eastAsia="Helvetica" w:cs="Helvetica"/><w:sz w:val="22"/><w:szCs w:val="22"/><w:color w:val="000000"/></w:rPr><w:t xml:space="preserve">0.41</w:t></w:r></w:p></w:tc><w:tc><w:tcPr><w:tcBorders></w:tcBorders><w:shd w:val="clear" w:color="auto" w:fill="FFFFFF"/><w:tcMar><w:top w:w="0" w:type="dxa"/><w:bottom w:w="0" w:type="dxa"/><w:left w:w="0" w:type="dxa"/><w:right w:w="0" w:type="dxa"/></w:tcMar><w:vAlign w:val="center"/></w:tcPr><w:p><w:pPr><w:keepNext/><w:jc w:val="left"/><w:spacing w:after="100" w:before="100" w:line="240"/><w:ind w:firstLine="0" w:left="100" w:right="100"/></w:pPr><w:r xmlns:w="http://schemas.openxmlformats.org/wordprocessingml/2006/main" xmlns:wp="http://schemas.openxmlformats.org/drawingml/2006/wordprocessingDrawing" xmlns:r="http://schemas.openxmlformats.org/officeDocument/2006/relationships" xmlns:w14="http://schemas.microsoft.com/office/word/2010/wordml"><w:rPr><w:rFonts w:ascii="Helvetica" w:hAnsi="Helvetica" w:eastAsia="Helvetica" w:cs="Helvetica"/><w:sz w:val="22"/><w:szCs w:val="22"/><w:color w:val="000000"/></w:rPr><w:t xml:space="preserve">0.49</w:t></w:r></w:p></w:tc><w:tc><w:tcPr><w:tcBorders></w:tcBorders><w:shd w:val="clear" w:color="auto" w:fill="FFFFFF"/><w:tcMar><w:top w:w="0" w:type="dxa"/><w:bottom w:w="0" w:type="dxa"/><w:left w:w="0" w:type="dxa"/><w:right w:w="0" w:type="dxa"/></w:tcMar><w:vAlign w:val="center"/></w:tcPr><w:p><w:pPr><w:keepNext/><w:jc w:val="left"/><w:spacing w:after="100" w:before="100" w:line="240"/><w:ind w:firstLine="0" w:left="100" w:right="100"/></w:pPr><w:r xmlns:w="http://schemas.openxmlformats.org/wordprocessingml/2006/main" xmlns:wp="http://schemas.openxmlformats.org/drawingml/2006/wordprocessingDrawing" xmlns:r="http://schemas.openxmlformats.org/officeDocument/2006/relationships" xmlns:w14="http://schemas.microsoft.com/office/word/2010/wordml"><w:rPr><w:rFonts w:ascii="Helvetica" w:hAnsi="Helvetica" w:eastAsia="Helvetica" w:cs="Helvetica"/><w:sz w:val="22"/><w:szCs w:val="22"/><w:color w:val="000000"/></w:rPr><w:t xml:space="preserve">0.00</w:t></w:r></w:p></w:tc><w:tc><w:tcPr><w:tcBorders></w:tcBorders><w:shd w:val="clear" w:color="auto" w:fill="FFFFFF"/><w:tcMar><w:top w:w="0" w:type="dxa"/><w:bottom w:w="0" w:type="dxa"/><w:left w:w="0" w:type="dxa"/><w:right w:w="0" w:type="dxa"/></w:tcMar><w:vAlign w:val="center"/></w:tcPr><w:p><w:pPr><w:keepNext/><w:jc w:val="left"/><w:spacing w:after="100" w:before="100" w:line="240"/><w:ind w:firstLine="0" w:left="100" w:right="100"/></w:pPr><w:r xmlns:w="http://schemas.openxmlformats.org/wordprocessingml/2006/main" xmlns:wp="http://schemas.openxmlformats.org/drawingml/2006/wordprocessingDrawing" xmlns:r="http://schemas.openxmlformats.org/officeDocument/2006/relationships" xmlns:w14="http://schemas.microsoft.com/office/word/2010/wordml"><w:rPr><w:rFonts w:ascii="Helvetica" w:hAnsi="Helvetica" w:eastAsia="Helvetica" w:cs="Helvetica"/><w:sz w:val="22"/><w:szCs w:val="22"/><w:color w:val="000000"/></w:rPr><w:t xml:space="preserve">1.00</w:t></w:r></w:p></w:tc></w:tr><w:tr><w:trPr><w:cantSplit/><w:trHeight w:val="360" w:hRule="auto"/></w:trPr><w:tc><w:tcPr><w:tcBorders><w:bottom w:val="single" w:sz="16" w:space="0" w:color="666666" /></w:tcBorders><w:shd w:val="clear" w:color="auto" w:fill="FFFFFF"/><w:tcMar><w:top w:w="0" w:type="dxa"/><w:bottom w:w="0" w:type="dxa"/><w:left w:w="0" w:type="dxa"/><w:right w:w="0" w:type="dxa"/></w:tcMar><w:vAlign w:val="center"/></w:tcPr><w:p><w:pPr><w:keepNext/><w:jc w:val="left"/><w:spacing w:after="100" w:before="100" w:line="240"/><w:ind w:firstLine="0" w:left="100" w:right="100"/></w:pPr><w:r xmlns:w="http://schemas.openxmlformats.org/wordprocessingml/2006/main" xmlns:wp="http://schemas.openxmlformats.org/drawingml/2006/wordprocessingDrawing" xmlns:r="http://schemas.openxmlformats.org/officeDocument/2006/relationships" xmlns:w14="http://schemas.microsoft.com/office/word/2010/wordml"><w:rPr><w:rFonts w:ascii="Helvetica" w:hAnsi="Helvetica" w:eastAsia="Helvetica" w:cs="Helvetica"/><w:sz w:val="22"/><w:szCs w:val="22"/><w:color w:val="000000"/></w:rPr><w:t xml:space="preserve">奨励ダミー</w:t></w:r></w:p></w:tc><w:tc><w:tcPr><w:tcBorders><w:bottom w:val="single" w:sz="16" w:space="0" w:color="666666" /></w:tcBorders><w:shd w:val="clear" w:color="auto" w:fill="FFFFFF"/><w:tcMar><w:top w:w="0" w:type="dxa"/><w:bottom w:w="0" w:type="dxa"/><w:left w:w="0" w:type="dxa"/><w:right w:w="0" w:type="dxa"/></w:tcMar><w:vAlign w:val="center"/></w:tcPr><w:p><w:pPr><w:keepNext/><w:jc w:val="left"/><w:spacing w:after="100" w:before="100" w:line="240"/><w:ind w:firstLine="0" w:left="100" w:right="100"/></w:pPr><w:r xmlns:w="http://schemas.openxmlformats.org/wordprocessingml/2006/main" xmlns:wp="http://schemas.openxmlformats.org/drawingml/2006/wordprocessingDrawing" xmlns:r="http://schemas.openxmlformats.org/officeDocument/2006/relationships" xmlns:w14="http://schemas.microsoft.com/office/word/2010/wordml"><w:rPr><w:rFonts w:ascii="Helvetica" w:hAnsi="Helvetica" w:eastAsia="Helvetica" w:cs="Helvetica"/><w:sz w:val="22"/><w:szCs w:val="22"/><w:color w:val="000000"/></w:rPr><w:t xml:space="preserve">1000</w:t></w:r></w:p></w:tc><w:tc><w:tcPr><w:tcBorders><w:bottom w:val="single" w:sz="16" w:space="0" w:color="666666" /></w:tcBorders><w:shd w:val="clear" w:color="auto" w:fill="FFFFFF"/><w:tcMar><w:top w:w="0" w:type="dxa"/><w:bottom w:w="0" w:type="dxa"/><w:left w:w="0" w:type="dxa"/><w:right w:w="0" w:type="dxa"/></w:tcMar><w:vAlign w:val="center"/></w:tcPr><w:p><w:pPr><w:keepNext/><w:jc w:val="left"/><w:spacing w:after="100" w:before="100" w:line="240"/><w:ind w:firstLine="0" w:left="100" w:right="100"/></w:pPr><w:r xmlns:w="http://schemas.openxmlformats.org/wordprocessingml/2006/main" xmlns:wp="http://schemas.openxmlformats.org/drawingml/2006/wordprocessingDrawing" xmlns:r="http://schemas.openxmlformats.org/officeDocument/2006/relationships" xmlns:w14="http://schemas.microsoft.com/office/word/2010/wordml"><w:rPr><w:rFonts w:ascii="Helvetica" w:hAnsi="Helvetica" w:eastAsia="Helvetica" w:cs="Helvetica"/><w:sz w:val="22"/><w:szCs w:val="22"/><w:color w:val="000000"/></w:rPr><w:t xml:space="preserve">0.48</w:t></w:r></w:p></w:tc><w:tc><w:tcPr><w:tcBorders><w:bottom w:val="single" w:sz="16" w:space="0" w:color="666666" /></w:tcBorders><w:shd w:val="clear" w:color="auto" w:fill="FFFFFF"/><w:tcMar><w:top w:w="0" w:type="dxa"/><w:bottom w:w="0" w:type="dxa"/><w:left w:w="0" w:type="dxa"/><w:right w:w="0" w:type="dxa"/></w:tcMar><w:vAlign w:val="center"/></w:tcPr><w:p><w:pPr><w:keepNext/><w:jc w:val="left"/><w:spacing w:after="100" w:before="100" w:line="240"/><w:ind w:firstLine="0" w:left="100" w:right="100"/></w:pPr><w:r xmlns:w="http://schemas.openxmlformats.org/wordprocessingml/2006/main" xmlns:wp="http://schemas.openxmlformats.org/drawingml/2006/wordprocessingDrawing" xmlns:r="http://schemas.openxmlformats.org/officeDocument/2006/relationships" xmlns:w14="http://schemas.microsoft.com/office/word/2010/wordml"><w:rPr><w:rFonts w:ascii="Helvetica" w:hAnsi="Helvetica" w:eastAsia="Helvetica" w:cs="Helvetica"/><w:sz w:val="22"/><w:szCs w:val="22"/><w:color w:val="000000"/></w:rPr><w:t xml:space="preserve">0.50</w:t></w:r></w:p></w:tc><w:tc><w:tcPr><w:tcBorders><w:bottom w:val="single" w:sz="16" w:space="0" w:color="666666" /></w:tcBorders><w:shd w:val="clear" w:color="auto" w:fill="FFFFFF"/><w:tcMar><w:top w:w="0" w:type="dxa"/><w:bottom w:w="0" w:type="dxa"/><w:left w:w="0" w:type="dxa"/><w:right w:w="0" w:type="dxa"/></w:tcMar><w:vAlign w:val="center"/></w:tcPr><w:p><w:pPr><w:keepNext/><w:jc w:val="left"/><w:spacing w:after="100" w:before="100" w:line="240"/><w:ind w:firstLine="0" w:left="100" w:right="100"/></w:pPr><w:r xmlns:w="http://schemas.openxmlformats.org/wordprocessingml/2006/main" xmlns:wp="http://schemas.openxmlformats.org/drawingml/2006/wordprocessingDrawing" xmlns:r="http://schemas.openxmlformats.org/officeDocument/2006/relationships" xmlns:w14="http://schemas.microsoft.com/office/word/2010/wordml"><w:rPr><w:rFonts w:ascii="Helvetica" w:hAnsi="Helvetica" w:eastAsia="Helvetica" w:cs="Helvetica"/><w:sz w:val="22"/><w:szCs w:val="22"/><w:color w:val="000000"/></w:rPr><w:t xml:space="preserve">0.00</w:t></w:r></w:p></w:tc><w:tc><w:tcPr><w:tcBorders><w:bottom w:val="single" w:sz="16" w:space="0" w:color="666666" /></w:tcBorders><w:shd w:val="clear" w:color="auto" w:fill="FFFFFF"/><w:tcMar><w:top w:w="0" w:type="dxa"/><w:bottom w:w="0" w:type="dxa"/><w:left w:w="0" w:type="dxa"/><w:right w:w="0" w:type="dxa"/></w:tcMar><w:vAlign w:val="center"/></w:tcPr><w:p><w:pPr><w:keepNext/><w:jc w:val="left"/><w:spacing w:after="100" w:before="100" w:line="240"/><w:ind w:firstLine="0" w:left="100" w:right="100"/></w:pPr><w:r xmlns:w="http://schemas.openxmlformats.org/wordprocessingml/2006/main" xmlns:wp="http://schemas.openxmlformats.org/drawingml/2006/wordprocessingDrawing" xmlns:r="http://schemas.openxmlformats.org/officeDocument/2006/relationships" xmlns:w14="http://schemas.microsoft.com/office/word/2010/wordml"><w:rPr><w:rFonts w:ascii="Helvetica" w:hAnsi="Helvetica" w:eastAsia="Helvetica" w:cs="Helvetica"/><w:sz w:val="22"/><w:szCs w:val="22"/><w:color w:val="000000"/></w:rPr><w:t xml:space="preserve">1.00</w:t></w:r></w:p></w:tc></w:tr></w:tbl><w:bookmarkEnd w:id="31" /><w:bookmarkEnd w:id="32" /><w:bookmarkStart w:id="33" w:name="実証戦略" /><w:p><w:pPr><w:pStyle w:val="Heading1" /></w:pPr><w:r><w:rPr><w:rStyle w:val="SectionNumber" /></w:rPr><w:t xml:space="preserve">5</w:t></w:r><w:r><w:tab /></w:r><w:r><w:t xml:space="preserve">実証戦略</w:t></w:r></w:p><w:p><w:pPr><w:pStyle w:val="FirstParagraph" /></w:pPr><w:r><w:t xml:space="preserve">次の回帰モデルを推定する．</w:t></w:r></w:p><w:p><w:pPr><w:pStyle w:val="BodyText" /></w:pPr><m:oMathPara><m:oMathParaPr><m:jc m:val="center" /></m:oMathParaPr><m:oMath><m:r><m:t>A</m:t></m:r><m:r><m:t>v</m:t></m:r><m:r><m:t>g</m:t></m:r><m:r><m:t>S</m:t></m:r><m:r><m:t>a</m:t></m:r><m:r><m:t>l</m:t></m:r><m:r><m:t>e</m:t></m:r><m:r><m:t>s</m:t></m:r><m:r><m:rPr><m:sty m:val="p" /></m:rPr><m:t>=</m:t></m:r><m:sSub><m:e><m:r><m:t>β</m:t></m:r></m:e><m:sub><m:r><m:t>0</m:t></m:r></m:sub></m:sSub><m:r><m:rPr><m:sty m:val="p" /></m:rPr><m:t>+</m:t></m:r><m:sSub><m:e><m:r><m:t>β</m:t></m:r></m:e><m:sub><m:r><m:t>1</m:t></m:r></m:sub></m:sSub><m:r><m:t>P</m:t></m:r><m:r><m:t>i</m:t></m:r><m:r><m:t>e</m:t></m:r><m:r><m:t>c</m:t></m:r><m:r><m:t>e</m:t></m:r><m:r><m:t>R</m:t></m:r><m:r><m:t>a</m:t></m:r><m:r><m:t>t</m:t></m:r><m:r><m:t>e</m:t></m:r><m:r><m:rPr><m:sty m:val="p" /></m:rPr><m:t>+</m:t></m:r><m:r><m:t>ε</m:t></m:r><m:r><m:rPr><m:sty m:val="p" /></m:rPr><m:t>.</m:t></m:r></m:oMath></m:oMathPara></w:p><w:p><w:pPr><w:pStyle w:val="FirstParagraph" /></w:pPr><w:r><w:t xml:space="preserve">このとき，</w:t></w:r><m:oMath><m:r><m:rPr><m:sty m:val="b" /></m:rPr><m:t>E</m:t></m:r><m:d><m:dPr><m:begChr m:val="[" /><m:endChr m:val="]" /><m:sepChr m:val="" /><m:grow /></m:dPr><m:e><m:r><m:t>ε</m:t></m:r><m:r><m:rPr><m:sty m:val="p" /></m:rPr><m:t>∣</m:t></m:r><m:r><m:t>P</m:t></m:r><m:r><m:t>i</m:t></m:r><m:r><m:t>e</m:t></m:r><m:r><m:t>c</m:t></m:r><m:r><m:t>e</m:t></m:r><m:r><m:t>R</m:t></m:r><m:r><m:t>a</m:t></m:r><m:r><m:t>t</m:t></m:r><m:r><m:t>e</m:t></m:r></m:e></m:d><m:r><m:rPr><m:sty m:val="p" /></m:rPr><m:t>≠</m:t></m:r><m:r><m:t>0</m:t></m:r></m:oMath><w:r><w:t xml:space="preserve">であると，OLS推定量はバイアスを持つことになる．</w:t></w:r><w:r><w:t xml:space="preserve"> </w:t></w:r><w:r><w:t xml:space="preserve">したがって，成果報酬制度を導入することのランダムな奨励を受けたかどうかを表す</w:t></w:r><m:oMath><m:r><m:t>E</m:t></m:r><m:r><m:t>n</m:t></m:r><m:r><m:t>c</m:t></m:r><m:r><m:t>o</m:t></m:r><m:r><m:t>u</m:t></m:r><m:r><m:t>r</m:t></m:r><m:r><m:t>a</m:t></m:r><m:r><m:t>g</m:t></m:r><m:r><m:t>e</m:t></m:r><m:r><m:t>m</m:t></m:r><m:r><m:t>e</m:t></m:r><m:r><m:t>n</m:t></m:r><m:r><m:t>t</m:t></m:r></m:oMath><w:r><w:t xml:space="preserve">というダミー変数を操作変数として用いて，</w:t></w:r><m:oMath><m:sSub><m:e><m:r><m:t>β</m:t></m:r></m:e><m:sub><m:r><m:t>1</m:t></m:r></m:sub></m:sSub></m:oMath><w:r><w:t xml:space="preserve">を推定する．</w:t></w:r><w:r><w:t xml:space="preserve"> </w:t></w:r><w:r><w:t xml:space="preserve">つまり，第一段階の回帰式は，</w:t></w:r></w:p><w:p><w:pPr><w:pStyle w:val="BodyText" /></w:pPr><m:oMathPara><m:oMathParaPr><m:jc m:val="center" /></m:oMathParaPr><m:oMath><m:r><m:t>P</m:t></m:r><m:r><m:t>i</m:t></m:r><m:r><m:t>e</m:t></m:r><m:r><m:t>c</m:t></m:r><m:r><m:t>e</m:t></m:r><m:r><m:t>R</m:t></m:r><m:r><m:t>a</m:t></m:r><m:r><m:t>t</m:t></m:r><m:r><m:t>e</m:t></m:r><m:r><m:rPr><m:sty m:val="p" /></m:rPr><m:t>=</m:t></m:r><m:sSub><m:e><m:r><m:t>γ</m:t></m:r></m:e><m:sub><m:r><m:t>0</m:t></m:r></m:sub></m:sSub><m:r><m:rPr><m:sty m:val="p" /></m:rPr><m:t>+</m:t></m:r><m:sSub><m:e><m:r><m:t>γ</m:t></m:r></m:e><m:sub><m:r><m:t>1</m:t></m:r></m:sub></m:sSub><m:r><m:t>E</m:t></m:r><m:r><m:t>n</m:t></m:r><m:r><m:t>c</m:t></m:r><m:r><m:t>o</m:t></m:r><m:r><m:t>u</m:t></m:r><m:r><m:t>r</m:t></m:r><m:r><m:t>a</m:t></m:r><m:r><m:t>g</m:t></m:r><m:r><m:t>e</m:t></m:r><m:r><m:t>m</m:t></m:r><m:r><m:t>e</m:t></m:r><m:r><m:t>n</m:t></m:r><m:r><m:t>t</m:t></m:r><m:r><m:rPr><m:sty m:val="p" /></m:rPr><m:t>+</m:t></m:r><m:r><m:t>η</m:t></m:r><m:r><m:rPr><m:sty m:val="p" /></m:rPr><m:t>,</m:t></m:r></m:oMath></m:oMathPara></w:p><w:p><w:pPr><w:pStyle w:val="FirstParagraph" /></w:pPr><w:r><w:t xml:space="preserve">である．</w:t></w:r></w:p><w:bookmarkEnd w:id="33" /><w:bookmarkStart w:id="34" w:name="推定結果" /><w:p><w:pPr><w:pStyle w:val="Heading1" /></w:pPr><w:r><w:rPr><w:rStyle w:val="SectionNumber" /></w:rPr><w:t xml:space="preserve">6</w:t></w:r><w:r><w:tab /></w:r><w:r><w:t xml:space="preserve">推定結果</w:t></w:r></w:p><w:bookmarkEnd w:id="34" /><w:bookmarkStart w:id="37" w:name="結論" /><w:p><w:pPr><w:pStyle w:val="Heading1" /></w:pPr><w:r><w:t xml:space="preserve">結論</w:t></w:r></w:p><w:bookmarkStart w:id="36" w:name="refs" /><w:bookmarkStart w:id="35" w:name="ref-lazear2000performance" /><w:p><w:pPr><w:pStyle w:val="Bibliography" /></w:pPr><w:r><w:t xml:space="preserve">Lazear, Edward P. 2000.</w:t></w:r><w:r><w:t xml:space="preserve"> </w:t></w:r><w:r><w:t xml:space="preserve">“Performance Pay and Productivity.”</w:t></w:r><w:r><w:t xml:space="preserve"> </w:t></w:r><w:r><w:rPr><w:iCs /><w:i /></w:rPr><w:t xml:space="preserve">American Economic Review</w:t></w:r><w:r><w:t xml:space="preserve"> </w:t></w:r><w:r><w:t xml:space="preserve">90 (5): 1346–61.</w:t></w:r></w:p><w:bookmarkEnd w:id="35" /><w:bookmarkEnd w:id="36" /><w:bookmarkEnd w:id="37" /><w:sectPr w:rsidR="00802C74"><w:pgSz w:h="15840" w:w="12240" /><w:pgMar w:bottom="1440" w:footer="720" w:gutter="0" w:header="720" w:left="1440" w:right="1440" w:top="1440" /><w:cols w:space="720" /></w:sectPr></w:body></w:document>