<?xml version="1.0" encoding="UTF-8" standalone="yes"?>
<w:fonts xmlns:mc="http://schemas.openxmlformats.org/markup-compatibility/2006" xmlns:r="http://schemas.openxmlformats.org/officeDocument/2006/relationships" xmlns:w="http://schemas.openxmlformats.org/wordprocessingml/2006/main" xmlns:w14="http://schemas.microsoft.com/office/word/2010/wordml" xmlns:w15="http://schemas.microsoft.com/office/word/2012/wordml" xmlns:w16cex="http://schemas.microsoft.com/office/word/2018/wordml/cex" xmlns:w16cid="http://schemas.microsoft.com/office/word/2016/wordml/cid" xmlns:w16="http://schemas.microsoft.com/office/word/2018/wordml" xmlns:w16sdtdh="http://schemas.microsoft.com/office/word/2020/wordml/sdtdatahash" xmlns:w16se="http://schemas.microsoft.com/office/word/2015/wordml/symex" mc:Ignorable="w14 w15 w16se w16cid w16 w16cex w16sdtdh"><w:font w:name="Symbol"><w:panose1 w:val="05050102010706020507"/><w:charset w:val="02"/><w:family w:val="decorative"/><w:pitch w:val="variable"/><w:sig w:usb0="00000003" w:usb1="10000000" w:usb2="00000000" w:usb3="00000000" w:csb0="80000001" w:csb1="00000000"/></w:font><w:font w:name="Times New Roman"><w:panose1 w:val="02020603050405020304"/><w:charset w:val="00"/><w:family w:val="roman"/><w:pitch w:val="variable"/><w:sig w:usb0="E0002EFF" w:usb1="C000785B" w:usb2="00000009" w:usb3="00000000" w:csb0="000001FF" w:csb1="00000000"/></w:font><w:font w:name="Cambria"><w:panose1 w:val="02040503050406030204"/><w:charset w:val="00"/><w:family w:val="roman"/><w:pitch w:val="variable"/><w:sig w:usb0="E00006FF" w:usb1="420024FF" w:usb2="02000000" w:usb3="00000000" w:csb0="0000019F" w:csb1="00000000"/></w:font><w:font w:name="MS Mincho"><w:altName w:val="ＭＳ 明朝"/><w:panose1 w:val="02020609040205080304"/><w:charset w:val="80"/><w:family w:val="modern"/><w:pitch w:val="fixed"/><w:sig w:usb0="E00002FF" w:usb1="6AC7FDFB" w:usb2="08000012" w:usb3="00000000" w:csb0="0002009F" w:csb1="00000000"/></w:font><w:font w:name="Calibri"><w:panose1 w:val="020F0502020204030204"/><w:charset w:val="00"/><w:family w:val="swiss"/><w:pitch w:val="variable"/><w:sig w:usb0="E0002AFF" w:usb1="C000247B" w:usb2="00000009" w:usb3="00000000" w:csb0="000001FF" w:csb1="00000000"/></w:font><w:font w:name="MS Gothic"><w:altName w:val="ＭＳ ゴシック"/><w:panose1 w:val="020B0609070205080204"/><w:charset w:val="80"/><w:family w:val="modern"/><w:pitch w:val="fixed"/><w:sig w:usb0="E00002FF" w:usb1="6AC7FDFB" w:usb2="08000012" w:usb3="00000000" w:csb0="0002009F" w:csb1="00000000"/></w:font><w:font w:name="MS PGothic"><w:panose1 w:val="020B0600070205080204"/><w:charset w:val="80"/><w:family w:val="swiss"/><w:pitch w:val="variable"/><w:sig w:usb0="E00002FF" w:usb1="6AC7FDFB" w:usb2="08000012" w:usb3="00000000" w:csb0="0002009F" w:csb1="00000000"/></w:font><w:font w:name="Consolas"><w:panose1 w:val="020B0609020204030204"/><w:charset w:val="00"/><w:family w:val="modern"/><w:pitch w:val="fixed"/><w:sig w:usb0="E10002FF" w:usb1="4000FCFF" w:usb2="00000009" w:usb3="00000000" w:csb0="0000019F" w:csb1="00000000"/></w:font></w:fonts>