<?xml version="1.0" encoding="UTF-8"?><w:numbering xmlns:aink="http://schemas.microsoft.com/office/drawing/2016/ink" xmlns:am3d="http://schemas.microsoft.com/office/drawing/2017/model3d" xmlns:cx="http://schemas.microsoft.com/office/drawing/2014/chartex" xmlns:cx1="http://schemas.microsoft.com/office/drawing/2015/9/8/chartex" xmlns:cx2="http://schemas.microsoft.com/office/drawing/2015/10/21/chartex" xmlns:cx3="http://schemas.microsoft.com/office/drawing/2016/5/9/chartex" xmlns:cx4="http://schemas.microsoft.com/office/drawing/2016/5/10/chartex" xmlns:cx5="http://schemas.microsoft.com/office/drawing/2016/5/11/chartex" xmlns:cx6="http://schemas.microsoft.com/office/drawing/2016/5/12/chartex" xmlns:cx7="http://schemas.microsoft.com/office/drawing/2016/5/13/chartex" xmlns:cx8="http://schemas.microsoft.com/office/drawing/2016/5/14/chartex" xmlns:m="http://schemas.openxmlformats.org/officeDocument/2006/math" xmlns:mc="http://schemas.openxmlformats.org/markup-compatibility/2006" xmlns:o="urn:schemas-microsoft-com:office:office" xmlns:oel="http://schemas.microsoft.com/office/2019/extlst" xmlns:r="http://schemas.openxmlformats.org/officeDocument/2006/relationships" xmlns:v="urn:schemas-microsoft-com:vml" xmlns:w="http://schemas.openxmlformats.org/wordprocessingml/2006/main" xmlns:w10="urn:schemas-microsoft-com:office:word" xmlns:w14="http://schemas.microsoft.com/office/word/2010/wordml" xmlns:w15="http://schemas.microsoft.com/office/word/2012/wordml" xmlns:w16="http://schemas.microsoft.com/office/word/2018/wordml" xmlns:w16cex="http://schemas.microsoft.com/office/word/2018/wordml/cex" xmlns:w16cid="http://schemas.microsoft.com/office/word/2016/wordml/cid" xmlns:w16sdtdh="http://schemas.microsoft.com/office/word/2020/wordml/sdtdatahash" xmlns:w16se="http://schemas.microsoft.com/office/word/2015/wordml/symex" xmlns:wne="http://schemas.microsoft.com/office/word/2006/wordml" xmlns:wp="http://schemas.openxmlformats.org/drawingml/2006/wordprocessingDrawing" xmlns:wp14="http://schemas.microsoft.com/office/word/2010/wordprocessingDrawing" xmlns:wpc="http://schemas.microsoft.com/office/word/2010/wordprocessingCanvas" xmlns:wpg="http://schemas.microsoft.com/office/word/2010/wordprocessingGroup" xmlns:wpi="http://schemas.microsoft.com/office/word/2010/wordprocessingInk" xmlns:wps="http://schemas.microsoft.com/office/word/2010/wordprocessingShape" mc:Ignorable="w14 w15 w16se w16cid w16 w16cex w16sdtdh wp14"><w:abstractNum w15:restartNumberingAfterBreak="0" w:abstractNumId="0"><w:nsid w:val="FFFFFF7C" /><w:multiLevelType w:val="singleLevel" /><w:tmpl w:val="615EBA8A" /><w:lvl w:ilvl="0"><w:start w:val="1" /><w:numFmt w:val="decimal" /><w:lvlText w:val="%1." /><w:lvlJc w:val="left" /><w:pPr><w:tabs><w:tab w:pos="1492" w:val="num" /></w:tabs><w:ind w:hanging="360" w:left="1492" /></w:pPr></w:lvl></w:abstractNum><w:abstractNum w15:restartNumberingAfterBreak="0" w:abstractNumId="1"><w:nsid w:val="FFFFFF7D" /><w:multiLevelType w:val="singleLevel" /><w:tmpl w:val="F7484D6E" /><w:lvl w:ilvl="0"><w:start w:val="1" /><w:numFmt w:val="decimal" /><w:lvlText w:val="%1." /><w:lvlJc w:val="left" /><w:pPr><w:tabs><w:tab w:pos="1209" w:val="num" /></w:tabs><w:ind w:hanging="360" w:left="1209" /></w:pPr></w:lvl></w:abstractNum><w:abstractNum w15:restartNumberingAfterBreak="0" w:abstractNumId="2"><w:nsid w:val="FFFFFF7E" /><w:multiLevelType w:val="singleLevel" /><w:tmpl w:val="CE44BF20" /><w:lvl w:ilvl="0"><w:start w:val="1" /><w:numFmt w:val="decimal" /><w:lvlText w:val="%1." /><w:lvlJc w:val="left" /><w:pPr><w:tabs><w:tab w:pos="926" w:val="num" /></w:tabs><w:ind w:hanging="360" w:left="926" /></w:pPr></w:lvl></w:abstractNum><w:abstractNum w15:restartNumberingAfterBreak="0" w:abstractNumId="3"><w:nsid w:val="FFFFFF7F" /><w:multiLevelType w:val="singleLevel" /><w:tmpl w:val="B8D40E0A" /><w:lvl w:ilvl="0"><w:start w:val="1" /><w:numFmt w:val="decimal" /><w:lvlText w:val="%1." /><w:lvlJc w:val="left" /><w:pPr><w:tabs><w:tab w:pos="643" w:val="num" /></w:tabs><w:ind w:hanging="360" w:left="643" /></w:pPr></w:lvl></w:abstractNum><w:abstractNum w15:restartNumberingAfterBreak="0" w:abstractNumId="4"><w:nsid w:val="FFFFFF80" /><w:multiLevelType w:val="singleLevel" /><w:tmpl w:val="4DF8A34E" /><w:lvl w:ilvl="0"><w:start w:val="1" /><w:numFmt w:val="bullet" /><w:lvlText w:val="" /><w:lvlJc w:val="left" /><w:pPr><w:tabs><w:tab w:pos="1492" w:val="num" /></w:tabs><w:ind w:hanging="360" w:left="1492" /></w:pPr><w:rPr><w:rFonts w:ascii="Symbol" w:hAnsi="Symbol" w:hint="default" /></w:rPr></w:lvl></w:abstractNum><w:abstractNum w15:restartNumberingAfterBreak="0" w:abstractNumId="5"><w:nsid w:val="FFFFFF81" /><w:multiLevelType w:val="singleLevel" /><w:tmpl w:val="911A0952" /><w:lvl w:ilvl="0"><w:start w:val="1" /><w:numFmt w:val="bullet" /><w:lvlText w:val="" /><w:lvlJc w:val="left" /><w:pPr><w:tabs><w:tab w:pos="1209" w:val="num" /></w:tabs><w:ind w:hanging="360" w:left="1209" /></w:pPr><w:rPr><w:rFonts w:ascii="Symbol" w:hAnsi="Symbol" w:hint="default" /></w:rPr></w:lvl></w:abstractNum><w:abstractNum w15:restartNumberingAfterBreak="0" w:abstractNumId="6"><w:nsid w:val="FFFFFF82" /><w:multiLevelType w:val="singleLevel" /><w:tmpl w:val="EEB2E466" /><w:lvl w:ilvl="0"><w:start w:val="1" /><w:numFmt w:val="bullet" /><w:lvlText w:val="" /><w:lvlJc w:val="left" /><w:pPr><w:tabs><w:tab w:pos="926" w:val="num" /></w:tabs><w:ind w:hanging="360" w:left="926" /></w:pPr><w:rPr><w:rFonts w:ascii="Symbol" w:hAnsi="Symbol" w:hint="default" /></w:rPr></w:lvl></w:abstractNum><w:abstractNum w15:restartNumberingAfterBreak="0" w:abstractNumId="7"><w:nsid w:val="FFFFFF83" /><w:multiLevelType w:val="singleLevel" /><w:tmpl w:val="ACF82932" /><w:lvl w:ilvl="0"><w:start w:val="1" /><w:numFmt w:val="bullet" /><w:lvlText w:val="" /><w:lvlJc w:val="left" /><w:pPr><w:tabs><w:tab w:pos="643" w:val="num" /></w:tabs><w:ind w:hanging="360" w:left="643" /></w:pPr><w:rPr><w:rFonts w:ascii="Symbol" w:hAnsi="Symbol" w:hint="default" /></w:rPr></w:lvl></w:abstractNum><w:abstractNum w15:restartNumberingAfterBreak="0" w:abstractNumId="8"><w:nsid w:val="FFFFFF88" /><w:multiLevelType w:val="singleLevel" /><w:tmpl w:val="EE141F18" /><w:lvl w:ilvl="0"><w:start w:val="1" /><w:numFmt w:val="decimal" /><w:lvlText w:val="%1." /><w:lvlJc w:val="left" /><w:pPr><w:tabs><w:tab w:pos="360" w:val="num" /></w:tabs><w:ind w:hanging="360" w:left="360" /></w:pPr></w:lvl></w:abstractNum><w:abstractNum w15:restartNumberingAfterBreak="0" w:abstractNumId="9"><w:nsid w:val="FFFFFF89" /><w:multiLevelType w:val="singleLevel" /><w:tmpl w:val="D99CCC16" /><w:lvl w:ilvl="0"><w:start w:val="1" /><w:numFmt w:val="bullet" /><w:lvlText w:val="" /><w:lvlJc w:val="left" /><w:pPr><w:tabs><w:tab w:pos="360" w:val="num" /></w:tabs><w:ind w:hanging="360" w:left="360" /></w:pPr><w:rPr><w:rFonts w:ascii="Symbol" w:hAnsi="Symbol" w:hint="default" /></w:rPr></w:lvl></w:abstractNum><w:abstractNum w15:restartNumberingAfterBreak="0" w:abstractNumId="10"><w:nsid w:val="0000A990" /><w:multiLevelType w:val="multilevel" /><w:tmpl w:val="911A3F9C" /><w:lvl w:ilvl="0"><w:numFmt w:val="bullet" /><w:lvlText w:val=" " /><w:lvlJc w:val="left" /><w:pPr><w:ind w:hanging="480" w:left="720" /></w:pPr></w:lvl><w:lvl w:ilvl="1"><w:numFmt w:val="bullet" /><w:lvlText w:val=" " /><w:lvlJc w:val="left" /><w:pPr><w:ind w:hanging="480" w:left="1440" /></w:pPr></w:lvl><w:lvl w:ilvl="2"><w:numFmt w:val="bullet" /><w:lvlText w:val=" " /><w:lvlJc w:val="left" /><w:pPr><w:ind w:hanging="480" w:left="2160" /></w:pPr></w:lvl><w:lvl w:ilvl="3"><w:numFmt w:val="bullet" /><w:lvlText w:val=" " /><w:lvlJc w:val="left" /><w:pPr><w:ind w:hanging="480" w:left="2880" /></w:pPr></w:lvl><w:lvl w:ilvl="4"><w:numFmt w:val="bullet" /><w:lvlText w:val=" " /><w:lvlJc w:val="left" /><w:pPr><w:ind w:hanging="480" w:left="3600" /></w:pPr></w:lvl><w:lvl w:ilvl="5"><w:numFmt w:val="bullet" /><w:lvlText w:val=" " /><w:lvlJc w:val="left" /><w:pPr><w:ind w:hanging="480" w:left="4320" /></w:pPr></w:lvl><w:lvl w:ilvl="6"><w:numFmt w:val="bullet" /><w:lvlText w:val=" " /><w:lvlJc w:val="left" /><w:pPr><w:ind w:hanging="480" w:left="5040" /></w:pPr></w:lvl><w:lvl w:ilvl="7"><w:numFmt w:val="bullet" /><w:lvlText w:val=" " /><w:lvlJc w:val="left" /><w:pPr><w:ind w:hanging="480" w:left="5760" /></w:pPr></w:lvl><w:lvl w:ilvl="8"><w:numFmt w:val="bullet" /><w:lvlText w:val=" " /><w:lvlJc w:val="left" /><w:pPr><w:ind w:hanging="480" w:left="6480" /></w:pPr></w:lvl></w:abstractNum><w:abstractNum w:abstractNumId="990"><w:nsid w:val="A990" /><w:multiLevelType w:val="multilevel" /><w:lvl w:ilvl="0"><w:numFmt w:val="bullet" /><w:lvlText w:val=" " /><w:lvlJc w:val="left" /><w:pPr><w:ind w:left="720" w:hanging="480" /></w:pPr></w:lvl><w:lvl w:ilvl="1"><w:numFmt w:val="bullet" /><w:lvlText w:val=" " /><w:lvlJc w:val="left" /><w:pPr><w:ind w:left="1440" w:hanging="480" /></w:pPr></w:lvl><w:lvl w:ilvl="2"><w:numFmt w:val="bullet" /><w:lvlText w:val=" " /><w:lvlJc w:val="left" /><w:pPr><w:ind w:left="2160" w:hanging="480" /></w:pPr></w:lvl><w:lvl w:ilvl="3"><w:numFmt w:val="bullet" /><w:lvlText w:val=" " /><w:lvlJc w:val="left" /><w:pPr><w:ind w:left="2880" w:hanging="480" /></w:pPr></w:lvl><w:lvl w:ilvl="4"><w:numFmt w:val="bullet" /><w:lvlText w:val=" " /><w:lvlJc w:val="left" /><w:pPr><w:ind w:left="3600" w:hanging="480" /></w:pPr></w:lvl><w:lvl w:ilvl="5"><w:numFmt w:val="bullet" /><w:lvlText w:val=" " /><w:lvlJc w:val="left" /><w:pPr><w:ind w:left="4320" w:hanging="480" /></w:pPr></w:lvl><w:lvl w:ilvl="6"><w:numFmt w:val="bullet" /><w:lvlText w:val=" " /><w:lvlJc w:val="left" /><w:pPr><w:ind w:left="5040" w:hanging="480" /></w:pPr></w:lvl><w:lvl w:ilvl="7"><w:numFmt w:val="bullet" /><w:lvlText w:val=" " /><w:lvlJc w:val="left" /><w:pPr><w:ind w:left="5760" w:hanging="480" /></w:pPr></w:lvl><w:lvl w:ilvl="8"><w:numFmt w:val="bullet" /><w:lvlText w:val=" " /><w:lvlJc w:val="left" /><w:pPr><w:ind w:left="6480" w:hanging="480" /></w:pPr></w:lvl></w:abstractNum><w:num w16cid:durableId="1747066933" w:numId="1"><w:abstractNumId w:val="10" /></w:num><w:num w16cid:durableId="625626105" w:numId="2"><w:abstractNumId w:val="10" /></w:num><w:num w16cid:durableId="822433048" w:numId="3"><w:abstractNumId w:val="0" /></w:num><w:num w16cid:durableId="1734426983" w:numId="4"><w:abstractNumId w:val="1" /></w:num><w:num w16cid:durableId="1202671672" w:numId="5"><w:abstractNumId w:val="2" /></w:num><w:num w16cid:durableId="1524368748" w:numId="6"><w:abstractNumId w:val="3" /></w:num><w:num w16cid:durableId="724378132" w:numId="7"><w:abstractNumId w:val="8" /></w:num><w:num w16cid:durableId="1558320995" w:numId="8"><w:abstractNumId w:val="4" /></w:num><w:num w16cid:durableId="552010967" w:numId="9"><w:abstractNumId w:val="5" /></w:num><w:num w16cid:durableId="212159316" w:numId="10"><w:abstractNumId w:val="6" /></w:num><w:num w16cid:durableId="956254434" w:numId="11"><w:abstractNumId w:val="7" /></w:num><w:num w16cid:durableId="1130513031" w:numId="12"><w:abstractNumId w:val="9" /></w:num><w:num w:numId="1000"><w:abstractNumId w:val="990" /></w:num></w:numbering>