"Y","D"
0,1
5.45824673087132,0
0,1
0,1
0,1
3.16675299450946,0
5.12388512983653,0
5.5905544951501,0
5.80476331559797,0
0,1
0,1
4.59513201795106,0
5.73714995632235,0
5.4858455690241,0
5.82931310143899,0
4.82987817878529,0
0,1
5.88801902150299,0
0,1
4.41561801952709,0
6.74357752086584,0
0,1
0,1
0,1
5.13877610316241,0
4.04,1
4.04,1
5.71889303336965,0
4.03579597004921,0
2.44958017,1
3.79523880977894,0
4.54044946816973,0
7.19095488062347,0
4.29941784134541,0
3.97736437417631,1
4.34636081140789,1
3.11583968614537,1
5.19977779712765,0
5.52868170197338,1
5.00622375101665,0
4.81449466733213,1
5.36820070311879,1
6.02303093783135,0
6.08081659579102,0
6.44963015202747,0
4.69404222649445,0
3.71880948018256,0
4.20591000279085,1
3.10083548769874,1
3.75836275556139,0
5.51299317827524,1
5.41376478748765,0
2.44215167425943,1
4.43900362181642,0
5.50435142456885,0
6.70338282596904,1
6.35154715962094,1
4.54325695264147,0
6.72305395150122,0
3.01755820486851,0
6.49635741825213,1
5.86730911295513,0
4.71559700652824,0
7.10449985797096,0
5.16863891160587,0
5.18799142889128,1
5.78234106631426,0
3.26750816063415,1
4.11662402116734,1
4.98621818569946,1
5.50615222689821,1
4.50003465374884,1
4.30438295468227,0
4.72218163273281,0
5.08484788851833,1
6.24987365992051,1
5.45751963909977,1
5.76528576207404,0
5.39172735745773,0
4.4527993147586,0
4.53220551774445,0
3.89297662890206,1
5.7855149030096,1
4.35191124701945,0
6.07397616289971,0
5.36238551007017,0
6.91565193707168,1
5.55344860883379,0
4.78986012446275,1
4.59068660909204,1
5.11832998242804,1
6.0741878387942,0
5.03942816806064,1
4.84066214277581,0
2.71311603438966,1
4.67295745801318,1
5.07439047485895,0
5.79244099226536,1
3.35664492434476,1
6.2331602668443,1
6.03117194056464,1
5.93338404261871,0
5.59301710775538,0
4.69316124309816,1
3.04861968493088,0
6.18339350566675,1
6.17209591637318,0
6.59913409444115,1
4.9382187193822,0
5.71375114844271,1
2.80073408879941,0
5.02057483383994,0
3.47952587613468,1
6.34798882010253,1
6.05739588200389,0
4.68016117831574,1
5.81608646532583,0
3.84552607014809,1
5.05335120847785,1
6.20834505504681,1
4.75770395194006,0
4.9511818660782,1
4.85827434967424,0
5.61703186425867,0
4.02015357229373,0
4.13005768917626,1
3.11526680508954,1
5.37768303056403,1
4.45675978832318,0
4.76648559677057,0
3.35202153724749,1
5.78961313136386,0
2.96641604409768,1
5.39860301152194,0
6.44259830670725,1
3.24701618082265,0
4.06168886602344,0
5.32284512457543,0
3.79866299295836,0
6.69990072719626,0
3.74478664802459,1
6.23555005841848,1
4.5645215592187,0
5.72362914388974,0
5.38712684460698,0
5.77599989363731,0
2.83764529278533,0
3.8893650130002,0
4.22671236126559,1
5.92165486742726,0
4.51255057788108,1
6.92225067227669,0
4.99747656083977,0
4.45161533310262,1
6.88752160379965,1
4.99525345651212,0
5.12447122260695,0
5.1955139366178,1
3.41245704099852,0
4.61459063257361,0
4.91316700603945,1
4.29383474646072,0
5.5149772487933,1
3.65196414040573,1
4.1476125209283,1
5.55895076408566,1
3.62702981695811,0
4.10917210105327,1
4.68051127205803,0
5.07531937321518,0
4.4358136035596,1
3.23870437796934,0
4.88349072989921,0
6.20968824366404,0
1.81160051764974,0
5.67163556652473,1
6.05571731655336,0
5.20987253049336,0
4.98094739784303,0
6.40352764630211,0
5.04830633649311,0
2.18854553245067,0
5.7402755543022,0
6.24992677729495,1
5.85125250181631,1
5.50200486759209,0
5.46281491523668,1
5.37427839155675,0
5.55490436235631,0
6.33612099844844,1
4.9424938982929,0
4.99450530203461,1
5.44664765195689,1
5.85633081127096,0
3.67414755801436,1
4.35753850171257,1
2.34407038414699,0
5.25590013261393,1
4.68574623905166,0
4.3214898877597,0
4.85842072052456,0
6.21963644082045,0
6.38515315054574,1
4.63145257025697,1
3.80298199768485,1
3.93386525355859,1
5.8733383268054,0
3.92843614927142,1
5.3357897253222,0
6.10083821091582,0
5.60830247072962,1
4.78580618519579,1
5.04747318897355,0
6.37027209642521,0
5.29003947157047,1
3.49318396612734,1
7.01082851682796,0
4.6604984134702,1
4.16093104441028,1
4.02013826197361,0
5.57564086942799,1
6.96353151982844,0
5.35079212961421,1
5.6776365022066,0
3.04331381868339,1
4.80523613291502,0
5.23833153689817,0
6.81375871531088,0
4.59459588357219,1
5.02248981039461,1
5.73569110822393,0
5.09714963916907,0
6.17680121283399,0
5.34531769586005,1
6.08200926153232,0
3.93340844813284,1
5.51239599643058,1
6.10383584865696,0
5.8482770467042,0
5.06453649141928,0
5.99852213532118,1
6.06458333887284,0
5.00959364525519,1
4.77162194045941,1
7.32184811629771,0
5.92705365488372,0
5.2294787618425,1
5.30100529009491,0
4.14275258393216,0
5.11864956541357,1
4.87606820073942,0
5.44994591520294,1
6.39477749139908,1
5.53308528914901,1
3.60790974603019,1
5.7967280799855,1
6.91752151100804,0
5.36331899903987,1
6.56972739308214,0
4.25581639890752,1
4.65930135670899,1
5.14812516211338,1
6.0482164880979,0
5.15975630718071,1
4.08460639973748,1
3.37011475569481,1
5.02482565506079,0
6.38398930697916,0
6.30439919689068,0
6.03015799883871,0
5.98084535158922,1
5.50387213606645,1
4.55666187238618,0
5.08757132617796,0
4.58511881862287,0
5.99692972003536,1
4.90522687704703,1
5.06652983077757,1
5.19115522747605,0
5.65587847637711,0
4.87003066732559,1
2.95634810672551,0
4.93093993109875,1
5.35952385126867,1
5.67735721615771,1
2.8987162342287,1
5.70448714697967,0
6.47848703930261,0
5.34652404224153,1
5.95410171944988,0
5.2073892570469,1
5.10056231084859,1
4.26228732344882,0
4.214217153949,0
3.63231472364363,1
6.03427563748073,1
4.26556225761448,0
4.76178797648119,1
5.47103365203361,1
5.72926668055799,0
3.81287590360604,0
6.71539609537346,1
3.90128194608979,1
4.03577302176508,1
2.32383696281121,0
5.57875965171671,0
4.25706074051268,0
4.76408442953817,1
4.21541627524815,0
5.26854697337023,0
6.31946307761184,0
4.59399632617644,0
5.33900540746191,0
4.27277709325544,1
4.21944354981461,1
5.82606683753192,1
6.62232686217495,0
4.9164832199642,1
5.33889179867667,0
5.05829454706214,0
7.00157316959048,1
4.71741004247084,0
5.5175191374499,0
6.08167942244921,0
4.69121176156124,1
5.08082874159224,1
5.203365430169,1
5.40816026618779,0
5.11234106339745,0
4.3950777212044,1
5.40244562710962,1
5.81903901841667,1
5.24001775095737,1
5.67259208235835,1
4.98597521914745,0
3.6336774625213,1
6.13230017871126,1
5.07072194997741,1
5.03793874509848,0
2.71068309514514,0
4.00860311189237,0
5.2499463670983,1
3.93415812414382,1
4.28128505808568,1
4.2760829533334,0
3.53748582543971,1
5.35961317003642,1
5.83812595406887,1
5.55737443506055,1
4.93950148489844,0
3.93580364652499,0
4.60733689685014,1
3.76325178180471,1
5.19552386146522,0
4.89331669261496,1
5.34992968629406,1
4.86151709575184,0
5.15027047810887,1
4.39669860293272,0
2.38668126081323,0
4.72528397134881,1
5.45334892627846,1
4.63440685807252,1
5.19688044760791,1
5.68482013332537,1
5.80088721454698,0
3.31124007301124,1
5.48196530720523,0
5.36683785475766,0
4.23617752266972,1
4.26894051317302,0
4.59425304168738,1
5.84934098985213,0
3.58328573558973,0
4.64384912696844,1
5.69307766731157,1
5.55089165763491,1
4.66418013383305,0
5.36460331730415,0
5.30012497888829,0
7.26064591886169,0
4.65725511368489,0
5.83618882277923,0
5.82013216489467,0
4.98840684818801,1
3.71962899016449,1
6.84679762765514,1
4.61377396269958,1
4.54342663942883,0
4.67364758978256,1
5.44279269409085,1
4.75201376123797,1
7.28030672005296,0
4.49830269871878,0
5.31292578472611,0
5.63534532011464,0
3.04056214459228,0
5.03534318632057,0
3.68112947193147,1
3.17339647543987,1
5.76329239576437,0
5.80128908683414,0
5.42876441278555,1
5.91052877466412,1
4.64118596678533,1
4.76827933563613,0
3.54794260996741,0
5.97191105702651,1
3.16153397455977,1
5.80686067118496,1
5.92476508532042,1
5.44048060181734,1
4.4647336803867,1
6.34743085195468,0
5.11282030369787,0
6.1990721206918,1
4.27457461512745,1
6.25451674561764,1
4.99842809234745,1
4.70871140732476,1
5.96398933685619,1
5.82578822730531,0
4.92680167111416,0
3.55199323623518,0
3.31522082397373,1
6.06237530261819,0
5.30340569323679,1
5.57486498718039,1
5.17355535864931,0
4.12182556714693,1
5.51603619376372,0
2.85921091410905,0
5.32489706267086,0
2.22417336760429,0
3.93956003145069,1
6.05959686893104,0
6.17024313292191,1
5.88356893121331,0
5.93508153375146,0
4.83899227154237,0
4.6501196965539,1
3.83363096776027,1
4.52812201778707,1
6.21669139165731,1
4.65710207953305,1
6.83993231407762,0
3.26240665378104,0
4.66970714698475,0
5.38607707404399,0
5.9885010204309,0
5.67674583370115,0
5.09269573123774,1
5.54373842374654,0
5.53338143568043,0
6.71089486487483,0
3.86205300085594,0
5.95137113153404,1
5.3657350760468,0
6.57500443266424,0
4.30222017104023,1
4.77429822589652,1
5.21753469944421,1
6.38516241337193,0
4.04045118118357,1
5.35967090360529,0
5.45441913463063,0
4.31365842821582,1
4.68811683499075,0
4.68696555910949,1
5.08366844015324,0
5.71102922719724,0
3.88209246904622,1
4.18016927918827,0
5.20411754706251,0
5.44688967109372,1
4.90974845962985,1
3.11084449323213,0
4.55474048762077,1
5.42009768289551,0
4.97707292732515,0
4.94698386437182,0
4.70220665884354,0
3.17223195358295,1
4.87232136173569,0
6.94297121286675,1
4.35451932976923,1
5.62571782143957,1
5.13211323186536,1
6.25601197958704,0
6.32314335558688,1
5.65233630253996,1
3.16456216440869,0
6.72333544716235,0
5.15491426269006,0
5.07040503609048,0
6.86606975455832,1
5.73629218347179,0
6.96800027787979,0
3.0971938003655,1
5.20957034024588,0
4.83551198155796,0
4.55988592474505,1
5.31892223407712,1
6.49473914927658,0
5.61658064988961,1
4.85786238642648,1
5.15658493843886,1
5.55783317402197,1
2.33594731055655,1
4.16367080838153,0
5.49986128621865,0
5.82942632549376,1
4.88952027610222,1
5.26726261639597,1
3.62349649606233,0
5.54534569244892,1
3.60068417086797,0
4.07582913991403,1
3.90046505984129,0
4.81375964394382,1
4.90200802414429,0
5.66533759319374,0
4.70476762244432,1
3.8419077278118,0
5.04830751719112,0
5.57882678830654,1
4.81669850624506,1
4.70824063881826,1
3.93221580336249,0
5.10356453576828,0
4.89350555337569,0
5.04783943963852,1
4.45832642568828,0
2.50163803070845,1
4.93701811665498,0
3.4785353192935,0
3.62862975637724,0
6.16829149580742,0
5.75052472819525,1
3.52848939710344,0
3.82966779717358,0
4.35559267368239,0
4.30344006780134,0
3.1092364044485,1
4.55705294629248,0
5.66580387975533,0
5.10548979019975,1
4.6535287848521,0
4.66781133164953,1
5.41009003529293,1
5.53878614917365,1
4.78055198294829,0
4.22663136935726,0
4.70160700772227,1
4.47868093241396,0
5.04517007103534,0
3.80145978196836,1
7.18325286620632,1
5.25526419395053,1
4.1355942638745,1
2.90022932010897,1
5.8652661473078,1
4.95629587914278,1
4.9949246324451,1
4.67251479959181,0
5.44505939053542,0
6.59873900458922,0
4.64834036296406,0
5.4625633016994,0
4.95261820937737,1
5.75363394502328,0
7.79205688233527,0
5.64890464139257,0
3.10433029533692,1
3.55069612572124,0
6.0783246334153,0
3.63189017591452,0
4.1551960003216,1
4.47634144788706,0
3.63098947688143,0
4.69975109971957,0
3.65140834081075,0
5.5530123576185,0
6.184281393955,0
4.98136168495525,0
3.50426413730677,0
4.78436870858115,1
3.49310342491758,0
5.20985589782008,0
4.51822988287159,1
5.42429413853879,0
7.76562794048896,0
3.95879258863819,0
3.52773331476134,0
3.91817311108053,1
4.46559616593485,0
4.85120501316735,1
3.83204289871418,1
6.73467961893088,1
5.57093531739488,1
4.55285822107164,0
6.22337531439931,1
5.38924656540871,1
4.34947760040549,1
4.37484230830054,1
6.52881195047154,1
4.13654834286763,1
4.85391125827446,0
3.75537306829041,1
3.27358440755371,0
4.18490763735484,0
4.87598658381222,0
5.56407244624455,1
4.06821237458225,0
4.39629085103822,0
4.16744218399073,1
2.67545542454197,0
5.86633804014542,0
4.28510468890782,1
4.5824980698248,0
2.67500513707031,1
6.89271977051108,1
5.13917045435051,0
5.2805413627953,1
5.3759503256435,1
4.65033376496063,0
3.72687371326436,0
3.32700096284804,1
3.68382146411443,0
5.23359290227422,1
5.68603715635242,0
5.52773659094879,1
4.62868449116172,1
4.41412267974361,0
4.10744797195977,1
4.70876157550646,0
3.96541706737042,0
5.21753812628064,1
7.70583014071643,1
4.83088583768049,1
5.58594157326734,1
4.09947936782555,1
3.82121324514138,1
4.62667293701118,0
7.68236048883628,1
5.54303221543864,0
6.31213981348525,1
5.48959048219177,0
5.05990646286317,1
4.90010986195116,0
4.0485664898052,0
5.26353951817321,0
6.3645247238551,1
5.0645002894659,1
5.26475212584776,1
4.74960491592038,0
4.97498823086066,0
5.84422395956122,1
5.59198800388965,1
6.18313612922234,0
6.03569930891917,0
5.87577386880652,0
5.6917635617607,0
5.48647064365656,1
6.119370991684,0
3.90895519484054,1
4.55893645038511,1
4.97433214704914,0
7.04868250061397,1
4.35642757219967,1
5.46767725678473,0
5.01286429733945,0
4.78295038208871,0
6.31514976341627,0
4.91998243675536,0
2.32443318438746,1
4.57530739557012,0
3.34374001826811,0
5.08956517783398,1
4.23732408194603,0
4.66381738328759,1
6.93456317995985,1
4.95177412021628,0
7.10710674034607,0
5.0355646931441,0
5.5648219869763,1
4.39111839610076,0
4.33134093111295,0
6.55912218105058,1
6.28847410923011,1
3.65710424155947,1
3.77996301420096,1
5.7052520612161,0
3.94240868730528,0
6.35552699634565,1
5.42233671506523,1
6.47211597085754,0
8.03149000648565,1
6.16284070901401,0
4.49071967796016,1
4.40425888220534,1
4.30062676675821,1
6.32622958553413,0
4.68321363013827,1
6.14534868405005,0
5.80395547214465,0
6.09395231280832,0
3.74041405427881,1
6.62675645323524,1
4.82352399624326,0
4.29395025895008,0
4.37486685317277,1
6.31530476691157,0
4.19362966004444,0
4.54163002181535,1
5.392736049764,1
5.87161506119023,1
4.85959590734197,0
3.08268439110769,0
6.48284919357397,1
4.65818915456239,0
3.64315844480108,0
4.21895300741945,1
4.14743114013517,0
3.60631273477775,0
3.75216403988783,1
3.1434470960453,0
4.82199327425961,1
4.76373304957312,0
5.02905841705948,0
5.20273686590526,1
5.62942537260415,0
4.82859567853604,0
4.95860628676626,0
6.12198732640021,1
4.37803185130036,0
6.5068576310811,1
4.95185724322731,0
4.88697789965411,0
5.56865440212336,0
5.99462055973215,1
6.32492254870122,0
6.32132357062427,0
4.06563258430777,0
5.81862342445506,1
6.90759364149973,1
4.17279750123178,0
5.09835612395854,1
5.24452282509378,1
5.65845639386808,1
5.6163832771348,0
5.42453429388187,1
3.57217632730257,1
5.36356021015394,0
3.83531051084501,1
4.62382348167084,1
4.30812706513253,1
4.29306114061706,1
4.41405455000261,0
6.36185651953355,0
4.63302632481179,0
4.60134042353335,1
5.94647833940424,1
4.45315719179764,1
4.40135259721241,1
3.9360042129907,1
5.38723583223636,0
5.258892517906,0
4.81313636806057,0
5.0236636985982,1
3.75482863075573,1
6.10637136886956,0
3.68227564338428,1
6.34923672667939,0
4.58476729846827,0
4.80099300796844,1
7.36696331858587,0
5.03686858743678,0
4.23664551668175,1
5.72619484165439,1
6.13888338423849,1
5.00538462625992,1
3.46255186994515,0
4.06964517728367,1
5.12103156469199,1
5.93766647049886,0
6.30816740656938,1
6.17538755742302,1
5.56560441048447,1
5.88019403883601,0
4.52350322623408,1
4.90653005730059,1
5.47868358190978,1
4.92728853287592,1
5.47410502964459,0
4.42144083161586,1
5.32816326166276,1
4.26552942779915,0
5.56028474930251,0
5.82100811863979,0
5.01279588244971,0
4.35603952964592,0
3.13082792011717,1
4.16257865077575,0
5.3153084688233,0
3.97771429051809,0
4.88692645518991,1
3.34154956956573,1
5.24590725240365,1
5.42045465293848,0
5.78160126622089,1
5.39557949764102,1
5.56829416293578,0
2.18728842642013,1
5.79843866472272,1
4.65163640700111,1
5.59485346242651,0
5.04091537206226,0
6.47393450418848,1
6.05251831027997,0
4.19515093117656,0
4.09298071383191,1
5.67463799086891,0
4.88647303137328,0
3.08500180128299,0
3.97967423806756,1
3.30654223067865,0
5.58860991219045,0
3.99751427004976,1
6.0919870804273,1
3.61865451069455,0
4.11279049804801,0
3.77151044546078,0
6.24008759475203,1
4.90746384840309,1
5.19795609373275,0
4.34410177660915,1
4.04015103952812,0
4.29322448966604,1
5.43110707076496,1
4.58192805662675,0
5.51602361179373,1
2.70249278277634,1
5.85974408364552,1
4.3656086977497,1
4.58349341145574,1
3.89761771877106,1
5.45093008316064,0
5.78245503374716,0
4.91740162660123,1
3.85685795694612,0
5.33953123243822,1
4.25809009052698,0
3.12617917176537,0
5.1676553859811,1
5.04488959867483,0
5.2473694398621,0
5.0805188769649,0
4.98401742102336,1
4.06795404712674,0
4.09980088728722,1
6.14823093506833,0
5.84362243472217,1
5.05026850371737,0
7.48840522275841,1
5.5839354156878,1
5.31580065808533,0
7.6755958006371,1
4.91835348942589,1
4.86455675434832,1
4.04488361115513,0
4.46526840919975,1
6.20076764485587,0
3.79009618249142,0
3.9141376989357,1
5.68072452541651,0
6.06419649748463,1
4.69686723172493,0
6.19963491847755,0
6.00049388978217,0
5.62998455653447,1
5.81572144904014,0
3.99740235391941,1
5.85120729881921,1
3.22440146925055,1
4.91802591398624,0
5.29059512619854,0
3.65557078243056,0
4.93089026689093,0
4.1851599030635,0
4.81008042327724,0
5.77559592585343,0
5.15007707363772,0
5.46985641206759,0
4.49994375000766,0
4.63456399239255,1
5.26097605432268,1
5.39757467990312,1
5.54882912180494,0
6.52142743598043,0
5.91737261327171,0
6.52642516866285,0
6.42061175799663,1
5.04107679849613,0
6.27498332223002,1
4.35644994564163,0
5.00289323757478,0
5.16572087381612,0
6.60243125104016,0
3.57282647143777,1
5.31598484672679,1
3.58819991122812,1
4.56609995800314,1
4.45262464207032,1
5.65816626853887,0
7.76606668226697,1
5.48864106438354,1
5.80037041351788,1
5.44607885129636,0
6.04678927970179,1
6.56470292714368,0
5.18296605930195,1
4.90554905378609,1
4.5940615361897,0
4.67632443226301,0
3.86498200072447,0
5.22103549986746,0
4.28565885130394,1
5.92586343404652,1
5.76439809981493,1
3.95659353003261,1
3.91975342986346,0
4.154739755919,1
5.49914168966336,0
3.85007035517158,0
5.96440179181034,1
5.0057477742576,1
5.62475611350437,1
6.42215156355945,0
6.85575426658051,0
5.85520397589399,1
5.65827265586276,1
4.72605792027686,0
5.59027343912003,0
6.76774695859134,0
5.22263302107702,0
5.44738781124304,0
5.45453237924697,0
5.30818126438465,1
5.57519658167298,0
5.891889684232,0
5.3484305006196,0
4.92709594675474,1
2.68186398412917,0
5.41199030154104,1
5.01405675574828,0
4.09199818349695,0
5.4868140663063,0
3.84755038745363,0
4.89733466528341,1
4.40323256439565,0
6.08806023179234,1
5.87312601612783,1
7.34130332435116,0
7.12628665470656,1
6.31315604952111,1
7.15203448020821,0
6.50045464426917,1
3.90892808505629,1
6.35666897648606,0
4.62105211005751,0
5.33060005685662,1
4.33184950604281,0
4.21067147199616,0
4.67376545257832,1
5.9962038090345,0
4.36515627280186,0
4.03151204250146,0
6.32718732300843,0
4.64826456168376,0
4.72305249372169,0
3.65448496452572,0
5.24179665248061,1
2.28657779781755,1
5.1496107635227,0
5.9025619216982,1
5.1885029414227,1
4.96044392396683,0
5.99204353312425,0
6.08295085097514,0
5.66897673435609,1
4.73503854924589,1
3.85134389220357,0
5.82834248632081,0
4.39136976759342,1
6.73723858591612,1
2.87305246400894,0
6.09846236686118,1
3.92101119034459,1
5.04587384527265,0
4.57896210716687,0
3.72852486793913,1
5.83931091984936,0
5.54001292133412,0
6.86793872711048,0
5.44451803964311,0
5.33165236529302,1
3.08750009454397,1
6.35999352218722,0
5.73269921168507,0
6.38103446661993,0
5.14117588600648,1
6.22502300045881,0
6.44355440702546,1
6.25813250512668,0
5.91708052104426,0
6.19327816049429,0
4.53032241911013,1
4.19389584078772,0
4.0585610864518,1
5.14324886565771,0
3.56826033240504,0
4.18617716435658,0
4.89991381758117,0
5.08075269053088,0
4.92071883785716,1
4.31042322660547,1
3.90568462389055,0
6.10459366254108,1
3.83258220102419,0
5.45416226851898,0
5.47151770964466,1
4.90724262746127,1
4.53154820771654,1
5.55577547066313,1
5.04576736749331,0
4.38979302160127,1
4.92705772617471,1
4.38139735036027,0
4.68650670482384,0
6.17836117862751,0
4.85040994907579,1
4.11056051495936,0
5.31801179881927,1
5.71192343532105,1
5.43531554517987,1
4.53854056251113,1
4.56589410875895,0
4.59619335185172,0
4.92402473212253,1
4.54767102385862,1
4.42277989991485,1
6.26526478312752,0
6.31828914549284,1
5.60613355596391,0
4.63788375267559,1
6.94300113627128,0
6.62288450962244,1
5.63180038129846,0
5.97560058313985,1
5.82446864416696,1
5.30462869572395,0
2.91717853544614,0
4.58328227860116,1
3.68059283934924,0
4.84994238264029,1
5.24265188928047,1
6.28497571582157,1
7.35163446464917,0
5.67949573331458,1
4.42477941547916,0
5.71932513456487,0
6.85919645759895,0
3.46932996138362,0
4.68860846214598,0
4.71175506663603,1
4.18372791978499,1
6.24299493538168,0
5.32467564670757,0
4.33396841371379,0
3.82667538149422,0
5.32240100386589,1
3.00645201660782,0
3.73156189100102,1
6.04436789666158,0
4.61951892646189,0
6.06272979676796,0
4.21815864552206,1
5.21470874206834,0
4.33094307874603,1
4.17785962063283,1
6.08924465806846,1
4.28406392013103,0
4.88628441765009,1
4.61983486883198,0
5.15844995971863,0
6.0929569250997,1
4.4386795140979,1
5.4787073572827,0
4.05705461290266,1
3.92263736526089,0
5.05860058849379,1
5.27136147039005,1
6.63122672643944,0
5.12169372622982,0
3.67124161599505,0
3.97558817554166,1
4.45856308674068,0
3.95590857561978,1
3.94747213570968,0
4.65927301465031,0
2.92293566928139,1
6.60882422910676,0
3.5525797829489,0
5.26231980155096,0
4.0260793416989,1
5.29917886458492,0
4.58080189969086,0
4.82242082711714,1
4.33395506590279,0
4.66680975711535,1
4.36415734399799,0
4.8983187017211,0
3.51839993270463,0
4.39384890619582,0
4.00400863623474,1
5.97175308355188,1
6.12577280087523,0
5.1616405095917,0
4.80997767558534,0
4.97252556553532,1
5.7484500580357,0
5.53480419632478,0
3.52518194282591,1
4.60074831628134,1
4.70530253026976,1
4.84655244156916,1
5.38808456777632,0
7.93569544142458,1
4.23117165402665,1
2.4937283414845,1
5.25315967846527,1
4.27332383687356,0
4.84468882967693,1
4.74188448293095,0
6.00975043535884,0
5.11144277890081,1
4.97340611584393,1
4.81527686074817,1
3.94661541042754,0
5.57956037003672,1
5.55808042984913,1
3.06726807585757,1
4.28996030872629,0
3.44984442041964,1
5.62927481870592,1
5.63392014566613,0
5.88625591180337,0
3.79100815687701,0
5.21906530167643,0
5.94817995607344,1
4.81622738906408,1
4.36231937736191,1
5.97571986456927,0
5.12299386787999,1
5.81315278107956,1
4.56779595256109,0
2.99169509900383,0
5.4012046533019,1
3.42275108770014,0
3.41560166556768,1
3.56641677617693,0
5.46687529137926,1
4.96941148500111,1
5.41827543682863,1
4.36900889099022,1
6.19163776023463,1
4.8433608954203,1
5.38416534826093,0
6.08205890153508,1
4.68656877480103,0
5.33273326426389,0
4.1881869804392,0
5.65548494933855,1
5.72037866215957,1
5.76241560253251,1
5.05746860914071,1
4.86708057804289,0
4.05943087610535,1
4.3249955421139,1
3.78137456940859,0
7.27014176162712,1
4.23903866548638,1
5.41145324962866,1
4.92036529026127,0
6.01131691954896,0
5.74699668441643,1
4.90129860831511,0
5.07105219338881,1
4.19365908396591,0
5.04154269311195,0
5.14030941980214,0
6.24578933839655,1
4.24244394076685,1
6.83161800025131,1
5.81604515627092,0
5.14970637371156,1
5.86010232905313,1
3.82670713207922,0
4.70174282858931,1
5.06736191801993,1
4.82150322976876,1
3.6021453002572,1
4.70655708487331,1
4.93141199574421,1
3.19034117338501,0
4.91295489975982,1
5.23129380585547,0
6.27886941756222,1
3.59995302892633,1
3.84608997627193,1
5.78557600493737,0
3.48272536386321,0
4.98725982541271,1
5.9353509366841,1
3.77339903054606,0
3.66262357086863,1
5.64566223035209,1
4.34150740918756,0
6.51000983901109,1
4.16818232103811,0
5.91331500914276,0
5.28088297987115,0
5.96215705603793,0
5.72244578275516,1
3.7256532914546,0
5.86983295486806,0
5.86825813814348,0
5.82594827627963,1
3.16838026390555,0
5.63019488241653,0
3.93558442365862,0
5.57059178861042,0
6.36416788482646,1
5.14336308835798,1
6.59688949392695,1
5.50852189015747,0
5.62763671592587,0
3.91347311614869,1
5.65204740048947,1
6.41678713765598,0
5.10668204997989,0
4.51111772633672,0
5.23302321153837,0
4.6914944315788,0
3.01017268446419,0
5.09799912667316,1
6.42218382742522,1
5.76351155051249,0
6.14597280361886,1
4.69653485900796,1
5.18712923825622,0
5.14137377794249,0
4.30484723023004,1
4.95817457465242,1
6.37100127224474,1
5.22652631120578,1
4.44922255449608,0
3.96005158538195,1
5.73188040980508,1
6.06288930571226,0
4.45316115487309,0
5.06452276569012,0
6.06842098934257,1
5.20111939597217,0
3.43282229384929,0
4.16658689502066,0
6.89474745160297,1
4.61318523039359,1
4.9463652159282,1
6.1438417378636,0
5.63864929145069,0
7.58046965118124,0
4.43622349475095,1
4.11644290423065,0
5.3433305753774,0
4.88867222080461,0
7.25781653637139,0
4.18514906883848,1
3.52044894724854,1
5.61316468192622,0
4.07376448172468,1
6.1187724450566,1
5.27458373470304,1
4.8650488492984,1
4.23385915491031,0
5.60418007634813,0
6.8027477689079,0
5.60465191021651,1
3.55144667419845,0
6.34549459014121,1
4.89054167673185,0
5.34479855676241,1
4.49126487164841,1
7.18926949729986,1
6.07440586100295,0
4.174829415701,1
5.71472592688379,0
5.81283401123618,0
5.27257821352155,0
4.35187992427325,1
7.22652270024458,0
3.26046561785211,0
6.47031802805851,0
5.26808436507031,0
5.59186993146843,1
3.74051076615598,1
4.19563940415309,0
5.53797048825228,0
4.83092621696071,0
4.62156926187033,1
5.28173338881176,0
6.89872817023936,0
4.03443436755312,1
5.31671417991095,0
4.57486593369634,0
5.19266668028953,0
4.38635250574,0
6.71715409548069,1
5.39942114812351,0
4.99399562713191,0
5.97043213229508,0
5.01342241242896,0
5.15334819646215,1
5.37020025917222,1
5.79613749221624,1
4.5779059522322,1
5.60671005189714,1
4.3774857478594,0
4.52292228361087,1
4.27945568887768,1
5.315481885808,0
5.69631423786772,0
6.66206948123999,1
4.40781460182406,0
4.31804920122213,0
5.14081351642371,1
5.01162634937571,0
5.08325692352713,1
5.30929856012926,0
5.07733397833381,1
5.08337598273447,1
3.91833649309543,1
3.49157508150109,0
5.124733259524,1
6.0306395691966,0
5.23075294567274,0
4.90342660971217,1
5.51793460854016,1
4.96676875320977,1
4.84138854135882,0
4.48883892151292,1
4.00981907986504,0
3.92090751461493,1
4.46163603266697,1
5.66884210270483,1
5.80167029501775,1
6.40061219071113,0
4.56420363266313,0
4.65192413633649,1
5.3581761187876,0
4.36100815924388,1
5.59037253767082,0
4.59460165289413,0
4.90111976637912,0
6.39352756875959,1
6.17193058034681,1
3.29501389060412,0
5.44485358988269,0
4.57535062300674,1
3.70735621444101,0
6.64194864584286,0
3.43680171778338,0
5.20319061656056,1
2.29763090455963,1
5.06456695405274,0
4.770729274611,0
5.73853442689921,0
5.14635387963566,0
6.02034400189868,0
4.09513935148658,1
4.80755420164763,0
3.91862475973969,1
4.40485277122274,1
4.82076847247482,0
4.53604857848538,0
5.24070191553799,1
4.53516951923154,0
5.71138636025367,1
6.13373163413768,1
4.08959850952173,0
5.43411116183632,1
3.62961542322601,0
5.15011288678924,1
5.53004222273521,0
5.24287454565891,0
3.94043688160877,0
5.9746500929644,1
5.16785958211174,0
5.16254300728838,0
6.33007311599142,0
3.56420530300173,0
5.35137049232879,1
4.7871687474638,1
4.0114496558377,1
5.25336799976234,0
4.6468579452546,1
5.52138584400237,0
4.59969858283558,1
4.268331909313,1
4.96351624207397,1
4.79296552887266,0
4.01131893343333,0
4.36390911536729,0
4.32029884711718,1
5.48906141740668,1
6.34579774895854,1
4.8306600906498,0
5.65425428383546,1
4.81183579663353,0
3.53269805485145,0
4.69349618662003,0
6.37275810290926,0
4.73627837922241,1
6.87006783368417,0
3.89696345285309,0
2.70996670995948,1
4.79804091280507,0
5.03096791820775,0
4.29348977360331,0
5.81397251960046,0
6.47896793046806,1
5.7448813407855,1
4.13680746843876,0
8.01881436575088,1
5.97886292476629,0
5.37659532293789,1
6.46593926725736,0
7.14425831884601,1
4.3758094733296,1
5.29981169182672,1
5.04402939019479,0
3.27352294674253,0
5.17751047221833,0
6.08533208138743,1
4.49830923739054,1
5.08983027456768,0
5.11291534274893,0
6.93691990847969,1
4.93865441884029,0
4.88878738361155,1
5.92851732261586,0
3.18077672159721,1
3.79375547709988,1
4.69410566364598,1
5.12174773356895,1
5.32179681321657,1
4.88380201527413,0
5.26480117868669,0
4.48972186893583,0
2.87618633479485,1
3.77457721558009,1
5.59549936722198,1
5.78830807427985,0
6.26726562859617,1
6.20237164076924,1
6.00130192241687,1
3.7620360555883,1
5.97614946628833,1
3.73744715630204,0
3.02930181412028,0
4.3116011646295,1
3.92742401484094,1
3.84820100108404,1
3.64543800083089,0
4.98134947354225,0
4.00881965483123,0
3.82064979757049,1
5.18307335801602,1
3.70844756847635,0
5.47954892149551,0
4.0593808581048,0
6.20863453333228,1
4.3384187995779,0
4.14701360351186,1
5.61106308353522,1
4.04644316051041,0
3.63777059337167,1
5.05443510595951,0
3.79445384186667,0
6.06944219351985,1
6.43488839748558,0
4.94446502503901,0
6.16696201941261,1
7.60122561842507,0
5.33880225540118,1
5.54895045218093,0
5.47953428804463,1
4.89847022634553,1
3.60978072585754,0
5.11002420906578,1
4.80740324451057,0
5.22315777847019,0
5.23459529656654,0
5.57032301203185,0
6.53920032206833,0
4.34956780056564,0
5.29329738340578,0
4.43037291206533,0
5.96154644789403,0
6.11137192110475,0
6.12312783818324,0
3.98833903311006,0
4.88785203572413,0
5.73572645176568,0
5.32392535871517,1
5.1846680910952,0
5.75088493114423,0
5.4278930921424,0
6.81911273560149,0
6.2986142351512,0
6.45597706642604,1
3.14392153062336,1
6.32253461984539,0
5.00946861461426,1
3.94050681392117,1
4.05861672135418,0
5.7048212586742,1
3.62475153950335,1
3.66008348438226,1
3.33597271591201,1
4.47020913313082,0
4.14525874297758,1
6.17840811473051,1
4.63941349189159,1
4.85590880982523,0
5.37859629971092,1
4.49890844942947,1
3.37021202924727,1
3.92614937796208,0
5.02992360178151,1
3.45641890087929,0
4.48667218837517,0
3.52838934996394,0
3.80136835759549,0
3.44517927676113,1
5.24465710308598,0
5.01526625909095,0
6.34336461320545,0
3.99279635645657,1
4.84838346881366,1
4.20549802002629,0
5.4212069808663,0
4.91300072660036,0
4.76714980993009,1
6.07101439300758,1
5.59625769804311,1
4.77482720657643,1
6.89625914800405,0
4.79051432160191,1
5.2029934329423,1
5.64823056526596,1
6.41390185492651,1
3.99523720845132,1
4.53254156886877,1
3.83630791960694,0
5.00912104685585,0
6.65138806905545,1
5.24885155545718,1
5.49399699344534,0
5.88283795114837,0
4.49035195621681,0
5.52919913705588,1
7.13230105338025,0
4.76506020356557,0
4.66506914002367,1
2.85474844704506,0
4.98827730003336,0
6.40835466088753,1
3.67182734697036,0
5.27287872830097,1
4.98254184234259,1
5.46249540711159,0
6.10656239887436,0
5.71429027946128,1
5.30461718842464,0
4.40410398656008,1
4.39845387704542,1
6.39663706774345,1
4.61181858154096,1
4.84263639798173,0
5.43050031947384,1
5.28745221824102,1
4.22270351768743,0
6.19080038760297,0
4.222246058373,1
6.79341378274689,0
4.77277390492153,0
5.51214320110561,1
5.02826444220593,0
5.49728646425731,1
7.15088598408092,1
5.79211810140134,0
6.37760854975335,1
8.56810079092712,1
5.8314000191973,1
2.0048408006887,0
3.46198827659207,1
4.27606959970804,0
4.44096473858155,1
7.63521048276595,1
3.60025191336953,1
5.35555835793225,0
5.92632531827643,0
4.93361205267628,1
3.71101748770113,1
5.09109547711211,0
4.49392831759732,1
4.30234444653388,0
4.82223800745841,1
5.72865879575797,0
5.13697934767803,0
3.94072398167849,0
6.25861597271016,0
6.20701043469892,1
4.95711362897901,1
4.19335901251994,0
6.37436468602267,1
5.47660037296777,1
2.6248665928481,0
4.86969875020482,0
4.79301881472638,0
4.68330544892805,1
5.9872302024898,1
5.02129898310393,1
5.39072521678625,1
5.62675324129744,1
6.82719613999332,0
4.28446738819067,1
5.05449297556449,1
5.87696253722726,1
4.81781365377764,0
4.7635180476349,0
5.09791363755953,1
4.00596910907936,1
5.34785976119066,1
4.06532967431575,1
6.5930428064914,1
5.78571331972795,1
4.26309680076534,1
4.92586985192389,1
5.5232083362228,1
5.87143678683243,1
5.32661745350301,0
4.56436062985495,0
5.36792153129867,0
5.83984110460455,1
3.71356856439539,0
5.29833986693848,0
6.1440483610056,1
2.46377421972001,0
5.57555235943703,0
5.24525529633847,0
6.34276744422691,0
6.04042091794085,1
5.29638348912741,0
5.44302398373163,1
6.07939645353714,0
4.37204999414624,0
4.77745360640242,1
4.67149359361463,1
4.184574158597,1
5.37105987092402,1
5.06365289462597,1
6.11605064176778,0
3.26593846849634,1
4.25459286400518,0
5.42860356608084,0
7.00783378993155,0
5.43697621068706,1
4.71859987365465,1
3.7190015290226,1
4.81548948298944,0
6.36808542842325,1
4.11885299819935,0
4.55732725815478,0
6.97878516548297,1
5.85865937325044,0
5.01166973427277,1
5.70243245723231,1
6.7023612938395,1
4.7551714029751,0
5.4816997427054,1
5.45214149221882,1
5.89429216813877,0
3.67448818986557,1
4.3950948766888,1
5.03390702048272,1
5.84578745204878,0
3.67700771187097,1
6.08592805094303,0
4.09491545656825,1
6.10541477071786,0
4.31003489620278,1
4.24648164341967,1
5.46892747789261,1
4.05094618197016,1
5.05729861092708,1
4.93793862417089,0
3.17164066070623,0
3.75403442942505,0
5.23428145056616,1
4.02852515307045,0
4.26218133192317,0
4.94441278196549,1
4.13164624587144,1
6.25928610051741,1
2.92196408267741,1
6.06271047267096,1
6.04955062968903,1
3.78427806425245,0
6.14292601173513,0
2.97037486665343,0
3.86337208276838,1
4.57883423788203,0
6.20592421415566,1
4.33213647986947,1
3.89012776467955,0
4.23368022272082,0
6.35109750852789,0
5.9849741725796,1
3.6218194765988,0
3.74501483861742,1
4.58833071324278,1
4.66878190695878,1
5.09326202029834,1
4.27758917123347,0
4.96604700063274,1
4.81495004336339,1
4.85308086029277,0
5.18688625754211,1
4.74195896234933,1
4.70165064919395,1
2.65550779622397,1
3.51937247108356,0
4.81152478462392,1
3.67639051549371,0
3.97623269414338,0
5.18736923731952,0
3.36799880081169,1
4.87304379225918,0
3.56234086606498,0
3.24531239960243,1
5.31437363630538,0
5.53437399114951,1
5.60603448303692,1
4.84095975121303,1
4.17372711853252,1
4.3016551577641,0
5.57249977395408,1
3.20037915237664,1
6.07322103476321,0
5.79418288466646,1
5.01811117036845,1
5.69534314438083,0
6.65783018361347,0
5.88752668817423,1
6.02184479944883,0
3.55826257803149,1
6.3071819791043,1
3.71982784889434,1
4.56819459770264,1
5.02367934730427,0
5.63202119298474,1
4.55341049044829,1
6.09443810709096,0
5.16846526166278,0
3.97905509416623,0
4.59143893031611,1
4.53695351042048,0
5.9036285432681,0
4.305048775491,1
4.30543893624887,0
5.1136093454661,0
2.72565053226201,0
5.37660455587806,1
4.53221744134962,1
6.45162646960601,0
3.31699039404486,0
5.58216319896082,1
5.46961993145548,0
5.6876022028196,1
6.67094767419286,0
5.17216314223338,1
4.33366314668688,0
3.77208612961351,0
5.00521464575784,0
3.96830676303111,1
4.90812549375218,1
5.90387236896481,0
4.30794080999692,0
4.27723889084475,1
3.36975543362069,0
4.64654164664252,1
3.67649430020884,1
5.63922557873502,0
4.28753898514625,1
6.02785320265867,0
5.51855829915528,1
4.34261650961017,0
6.55054291075705,0
5.19193975565014,0
3.90979971904778,0
5.16501149652413,1
5.15521424788122,0
4.50584886768948,0
4.67294036712236,1
3.99858013040176,1
3.25601732665087,0
4.15069695976191,1
3.80018544289286,1
3.96499945056093,0
5.30763477333258,0
3.81518481535949,0
3.49290097586882,1
5.04969434156522,0
5.13920510775102,1
6.87946969933286,1
4.38780825387719,1
5.1295985806744,0
6.14550163273481,0
4.03656352274039,1
4.50401735093843,1
5.24610296748228,0
5.29687394232639,1
7.33856987878233,1
4.67909988481797,1
6.65507075591236,0
3.75056784129771,1
3.4606295703311,0
5.40955807382826,1
4.98841543715953,0
5.22743550403399,1
5.66500631367304,1
5.338344382332,0
5.46849969646504,1
4.46931973213802,1
5.11055703449122,0
4.06810575120932,0
4.39354307767771,0
5.4483058265946,0
4.3251185994082,1
5.46487939082611,1
3.9938418607197,0
4.22411009465016,1
4.39950673985488,0
5.39612960209999,1
4.77291190412816,1
4.54727232871175,1
5.9662426846779,0
4.05891531615904,0
5.61171465747472,0
4.97577081306115,0
4.44052054016955,1
4.05025243288619,0
5.52981462546282,0
4.20679733047526,0
5.69151533011351,0
6.47910963407617,0
3.16184962702614,1
6.01639661658365,0
4.43459901869227,1
5.45909036354665,1
4.02333914832577,1
4.79386159311061,0
3.59960596144708,0
5.00169847492915,1
4.54294397104576,0
5.48928509752122,0
4.98830729084838,1
5.51695399660544,0
6.39163141465597,0
5.69591881258384,1
5.68936943110488,0
5.33877327763696,0
4.32944976987046,1
5.72096152753745,1
5.58885379579406,0
5.00487894124621,0
3.0565024149972,1
5.81812594859632,1
3.95338007159867,1
4.22287776220665,1
4.58043201108496,0
4.39842035095659,1
4.12399930547749,0
5.40011312488015,1
4.35909359850224,0
5.0930651173366,1
5.33486278328675,0
4.90128465045338,1
4.6691087322147,0
6.37461149145405,1
5.11422796745461,0
3.975148429506,1
5.34301443819925,1
3.11818538350099,1
4.48906202925464,1
4.93040219663929,0
6.30676309054809,0
4.80444030914073,1
4.86086206246953,0
2.71464568410441,0
5.03551333086574,0
4.01612880559708,0
4.17150874938782,1
5.38291272417758,1
4.05741061309224,1
5.97365877391993,1
4.78301723520451,0
4.57206720217897,0
5.44833511395528,1
5.46680791379195,1
5.54635765535865,0
7.09368138843918,0
4.926216813383,1
3.93239420694365,0
5.02576300324215,0
4.19089825406588,0
3.75055738323035,0
8.1707388390361,0
4.56815653795744,0
6.2371554362595,0
4.45356123273412,1
4.00496866629542,1
5.39360590150776,0
4.74932050363973,0
5.78294766446608,0
6.20368022827265,1
6.20898461423557,0
4.90126674220726,0
4.46534963490336,1
5.08023597134436,0
5.43886349145822,1
4.01294182810243,1
4.84733148175602,0
5.80335958199352,0
3.55851463383094,1
6.55110791416253,0
4.61342432242419,1
5.69665153943914,0
3.57836772288687,0
4.78329776474415,0
3.95028830202659,1
6.08821698561523,1
4.01457767575067,0
5.51164767163021,1
5.45599688212385,0
4.13898475672329,0
5.66529234386147,1
5.91996778647152,0
4.93654377150106,0
3.77348440286228,0
6.7429469968229,0
4.2746761992857,1
6.51847483470393,1
6.16268130612123,0
4.16904598227442,0
5.52920557425846,0
6.0417668695862,1
5.02588511598687,1
4.4555666098844,0
4.90411989686712,1
5.80206018186818,1
5.73311888568738,0
4.59061442931225,0
6.85870432860585,0
5.50613458063821,0
4.40340154710075,0
6.90769485812184,1
7.19337706724715,0
4.47542653286263,0
4.97318405158017,1
6.45664708522822,0
3.85312909538528,0
5.27429029829191,1
5.57393065822678,0
3.42272154739041,0
5.87254283235711,1
5.14016850545398,0
5.59233324241448,1
4.86610820230125,1
5.88667837196132,0
4.71005216012413,0
5.56694314630029,1
4.27617822667327,0
6.83665223969016,0
5.72767282783497,1
5.51318779661237,1
5.26526637207149,0
4.39907527275771,0
4.57055270331055,0
4.92614452342536,1
5.36161838078211,1
5.61072746918349,1
3.98324768129178,1
3.17394167858124,1
5.78487424680874,1
6.61055078201131,0
6.44226555323268,0
6.14042274027153,1
6.25751043681276,1
4.78329347335071,0
4.808184641327,1
3.22261342260718,1
6.42397146587222,1
4.5589037644753,0
4.77361822505867,0
5.17628704365059,1
6.51045271187413,0
3.59459789477075,0
5.00902643183675,1
4.45030119972266,1
4.34685397255499,0
3.34314143200795,0
5.28723036797471,0
5.15159635077984,1
5.22827694671921,0
5.59971126216444,0
5.23380448264712,1
6.89693293356671,0
4.24799694406204,0
4.75721577616203,0
4.1703762835101,1
4.38405888215508,0
5.82719652727456,0
4.38046871704352,1
5.1206443198595,0
4.92245952736988,1
4.4654715550549,1
4.96138801408049,1
4.29105527429313,1
4.8336075267965,0
4.31221777651352,1
4.01564752578555,0
4.72379325643393,0
5.68332873045443,0
4.64018230151559,1
5.87011202130621,1
6.28537266054208,0
3.72587610748243,0
4.90037669499167,1
4.99262269018867,0
4.05408692664785,0
5.14984416191887,0
6.23087696565559,1
3.73562274458236,0
3.59778052270446,1
5.14655872995937,0
4.18993044840487,1
4.90234759433357,1
5.98245852049428,1
5.25252158035455,1
5.48796221067024,1
6.13902964048128,0
4.86025393263441,0
5.85290116339409,1
5.52169625284045,0
5.82011311637774,1
5.31999526239482,1
5.62139363602619,1
6.24267510769653,1
5.1662099818033,1
3.23346510454482,0
6.90132387542138,1
4.84824670275477,1
4.99748059986895,0
3.53487256257634,0
5.37065813129853,0
4.3988557735545,1
7.77488853842279,1
4.20491284221651,1
4.65265036592417,1
5.20981100952506,0
6.04129534890497,0
7.04452583218985,0
4.87542304685848,1
5.75965646974188,0
6.96850521153279,0
5.29863774167131,1
5.40754607481795,1
4.28233828768762,0
6.22071155675795,1
5.07858718510658,0
6.28823391279528,1
5.22321495186504,1
6.42377016586881,1
4.63260821821294,1
7.06720072152799,1
5.30924755816167,0
4.56838987434186,0
4.79507674705097,0
6.51766768380788,1
5.5039889057993,0
4.07669008782921,0
4.94664468253348,1
4.84171759862533,1
4.65699741729956,0
5.49853801738634,1
4.99985313380973,0
4.13223298295387,1
4.59633787969619,0
4.99546262022292,1
3.91741936310877,1
5.39014845543002,1
5.48694084415869,0
4.61557551568051,1
5.82366087788417,0
2.79004489292949,1
4.97644935079702,0
5.91917975558149,0
3.54203119284576,1
3.91834710326867,1
6.13579910147299,0
4.81964816093095,0
6.0509460584081,1
5.43982366267728,0
6.90088122677905,1
4.87427516499269,1
4.95295177086415,0
3.14020926907182,0
7.55740296683095,0
4.54674297527642,1
4.80365330694312,1
5.45235923540369,0
3.99777747810938,1
4.96994397501507,1
3.91928874690327,0
5.21764952850936,0
6.28005430140574,1
5.67413435803396,0
4.46138991520895,0
5.73511453151128,1
5.90322382483873,1
5.21642023311506,1
4.13968396178076,0
4.61432018513028,1
3.70230539131603,0
5.05152000939728,0
5.01953821892108,0
5.39734565160217,1
5.27362217574933,1
4.21900409996542,0
4.60741557325647,0
5.19118580684677,1
4.24556362959569,1
3.71417704627575,1
5.18038640917372,0
3.65037134878854,0
5.63784993567199,0
4.07692475288748,1
5.8549529109718,1
3.53317061761412,0
3.95758084325715,1
4.56472342025588,0
5.89956658526891,1
6.09764305112353,1
3.68437350660937,0
3.08601992590362,1
5.60438151634626,0
4.17916112489904,0
4.81476007681262,1
6.28713653004674,1
4.92502059615402,0
3.71188275182899,1
4.89056656302153,1
5.83252756102082,0
5.10207776320361,0
4.5891423188041,0
3.58305248198849,0
4.61434358315162,1
4.56532086635917,1
3.83979385190972,0
5.44047247400844,1
4.73903859667481,0
5.66524370144467,0
5.51468828762219,1
6.32744615615047,1
5.16461027690311,0
4.64274600370159,1
5.36827514560058,0
5.91965615245171,0
5.58336708236389,1
5.98202849794942,1
5.47532955152535,1
4.63349214627472,0
4.22091204385319,1
4.57713431195906,1
7.31706910154002,1
5.48766657845189,0
5.34846325216193,0
5.86807214884887,0
5.65188103241939,0
5.75399348621764,0
5.30033844356877,1
4.49176119591912,0
4.92121750120286,1
5.70489782814962,1
5.01778708362966,0
2.80664459411338,1
5.40384970954978,1
5.91230997517058,0
3.29473732661861,1
4.99814661943312,1
7.02221759374848,0
3.88058821763062,1
3.90551302518462,1
4.18383523655243,0
3.45292318957889,0
6.84657571424674,0
5.09564098692579,0
6.61527485509587,1
4.78944278636104,0
4.36172169762211,1
5.62554003810025,0
5.98572340206614,1
4.74798138422571,1
4.93890289688417,0
4.053278520768,1
5.58303053967315,0
4.9321907207049,0
3.84744481552381,1
6.12704745500755,0
5.08667237476447,1
4.10804636579722,0
4.03414841930147,1
5.71950407128108,1
3.17899553964957,0
5.65112806158605,1
5.45467212936681,1
5.45626267294015,0
4.87414473891582,0
5.21827036596236,0
4.27552819708812,1
5.50607049487349,0
5.01430011530338,0
4.16212311253676,1
5.25968627027595,1
5.5048484612798,0
5.22697991320038,0
4.33239193850356,0
4.20104497824167,1
2.60332256834907,1
4.79753883888089,0
5.10889705893463,0
4.24759604011366,1
5.57350716800602,1
6.14300038265699,1
6.00706554642919,1
4.1696878816413,1
7.17828864028887,0
5.73585790705834,1
4.63868306192696,0
4.8813553863826,0
5.93026441157862,0
5.18069708101444,0
4.70944086895892,0
4.63952783932774,0
5.3779132010388,0
5.98333357376676,0
3.93151442384121,1
5.10641028633441,1
5.46188530913081,0
3.32359357983986,1
5.55788127892589,1
4.60906890750151,1
4.53339926720054,0
4.77293390242083,1
4.30846396930917,1
4.64376931532103,0
4.80339662859719,0
6.12440463506363,1
5.98843004791141,0
4.81674005926152,1
5.58624810687039,1
4.13539002082523,1
5.22757332123937,0
5.23789423858986,1
5.69044628020377,0
4.72612991910159,1
4.42255133220313,0
4.35135722552144,1
5.33506311231332,1
5.79973804323167,1
6.6239254071093,1
4.43288783780444,0
4.59032986090311,1
5.90260097093371,1
5.48382170892147,0
4.40477013258145,0
4.9297373162748,0
3.83195697587518,0
2.7865080296849,1
4.03045136727122,1
3.93850473001299,1
6.69375865052987,1
4.86427928210464,0
6.14300519944646,0
4.35678045426437,0
3.45009289929297,1
5.70287790814121,1
4.491031970166,0
3.65817179743866,0
3.98303974753343,0
4.62484188940318,1
2.09221542755474,0
5.12631690841373,0
4.58712363158094,1
3.98788946285209,1
5.63291174911533,1
4.24540338800447,0
6.34894484498248,1
3.93291878611202,0
5.94681416604282,0
5.5421260599102,0
4.70128158899867,0
6.64071036272281,0
2.97442128937611,0
4.32311086215696,0
4.90434128682191,0
7.19607092802817,1
4.50252426793663,1
4.2390370307641,0
5.11835097409731,1
4.43547715766298,0
4.02998808068109,1
6.53628802599711,1
6.34411937350966,0
4.49401318401948,0
4.44041038495875,1
5.99510367983929,1
4.20131839954119,0
5.85800130062683,1
4.34161890388399,1
2.85684754789472,0
4.68717258603505,0
5.15621945152179,0
6.75305227864208,0
4.39882388371713,0
4.30988532021967,1
4.56293625829015,1
5.84041710285474,1
5.5791652582294,1
4.9258475759008,1
5.10093409335793,1
6.92381284999741,1
4.85788315699251,0
4.951080424848,1
6.01415626041872,1
4.86178204428714,0
6.28862977083411,1
4.83896163862722,1
5.59965142915911,0
3.56839644032014,1
5.69645868066754,1
5.48241540572855,0
5.62377379541924,1
4.87639146948068,1
5.58298140771887,1
5.77410866930809,1
4.62624430008537,0
4.1527442327345,1
6.56199538871342,1
4.4919314319298,0
3.58457580821738,1
4.75654405695387,1
5.37829774280601,1
2.32149557822222,0
5.00606415371563,1
5.4481431065832,1
4.45640706796048,1
6.02652044214593,1
4.6795616513285,0
5.25542069426067,0
4.63777568271917,0
4.79257012121376,1
5.74711537344302,0
3.4600996754926,1
3.78299537893604,1
5.91957123021878,0
5.07633620989095,1
7.24725195687234,0
4.28620241800002,0
5.03374179760207,1
5.47485494697605,1
5.339984622543,0
3.26381726280561,0
6.54883657746164,1
7.17755255363016,0
5.64056881791787,1
3.1398237610576,1
4.71307327821571,1
4.45110013210728,0
5.06450183852795,0
4.35443283858444,1
4.32239625953533,1
3.61578589285598,1
5.06919445473559,1
3.59321482865079,1
4.13704194682976,1
2.50120379111932,0
3.5425102482774,0
5.95001594869713,1
6.3720627906716,0
3.63254204506749,1
3.30349225507373,0
5.0060514542183,1
4.36712410613955,0
5.47966269972347,0
5.13241145987622,0
4.80567682489805,0
5.83529865073301,1
2.9039789972229,1
4.03676802907328,1
3.30150261277697,0
4.57578038494605,0
5.09854605586703,0
4.49706084674492,1
4.71147922617608,1
4.74696259681937,1
3.58314246560177,1
2.72895676953439,1
4.8064216849098,1
5.57110269802603,0
6.05028804212314,1
6.63804085341756,0
5.61873740216949,1
5.22541596861746,1
5.77404391127641,1
5.00465260915874,0
4.1887121126729,0
4.23282539072164,1
4.15866539980562,0
5.29671955849273,1
4.98786608348392,1
5.70728977070451,1
5.02043678307023,0
5.59814026532641,0
4.88630216270539,1
3.67771222271759,0
4.79755254202299,0
6.39385660424436,1
5.76572145240755,1
5.78793219958869,1
6.11662355757474,1
4.5557281356351,0
4.29579660111157,0
4.44932243189615,1
4.59409386838296,0
4.49743575912244,0
4.97330662761674,0
4.13040515166469,0
4.50068163610574,1
5.11650496285933,0
5.58471451414463,1
4.86276985417575,0
6.11892867346674,0
5.52501193486105,1
5.80385047473673,0
4.25143799453548,0
5.37577623765515,1
3.90181034706574,1
5.28842744177166,0
5.76205660696593,0
5.35210589371527,0
3.29714498447378,1
4.78254755208207,0
4.2083495015212,1
5.28457716572887,0
5.30432989107047,1
4.96598336494261,0
4.3430467733861,1
5.29674928244961,0
5.46560527594942,1
5.52159327408395,1
4.84084454388987,1
6.05534347907547,1
5.11531595028997,0
3.492686767676,0
6.46950337837653,0
5.83380237202053,0
6.87142690952237,0
4.59833020203376,1
3.91317700829936,0
5.17996804957175,0
4.96414227875892,1
5.62004402046512,0
4.88563962578731,0
5.37886059663194,0
6.78474950748962,1
4.88011738157186,1
4.64932230936476,0
3.24041072828247,1
5.95622092547223,1
4.719993551014,0
5.16991539237685,1
5.7861504628371,0
4.50918665946603,1
5.54499638385644,0
3.72408874307589,1
3.4756181942281,1
5.22222508702132,1
4.19804538894828,0
3.39322398644508,0
6.03484952862117,1
5.71443297937427,1
4.44657414188641,0
6.14327915035368,1
4.64077871969604,1
5.76032867920536,0
4.60785557085159,0
5.56051620302654,1
3.5246310454095,0
4.62423801888395,0
6.58940211626189,0
3.84248446205402,0
6.87789914312052,0
6.65581406798178,1
6.59882350860206,0
3.87223367463497,1
4.58035258892622,1
5.50943739357004,1
5.09992148812914,0
5.16836033483006,0
5.12811406308201,1
6.13453697986196,1
4.46274331701261,1
5.71105979715203,0
5.00996297473738,0
4.23303899787011,0
5.45972992496305,1
6.51663278688865,1
3.44444649110037,1
6.10090679779074,1
5.22695897695432,0
4.62773617612414,0
3.01071026642997,1
3.83938011178482,1
4.80386579572253,0
7.24508736701532,0
4.97858104613162,0
2.89921300754412,0
7.09605328425131,1
5.30434891792472,1
4.82075553507995,1
5.3851699599753,1
5.9288076764053,0
3.84482879136489,0
4.36868690980151,0
4.12612095766493,1
5.6232690247731,0
3.23759252276586,1
5.24163224592889,1
5.76017904404033,1
3.90495077534012,0
3.43237609305752,0
3.82570698199146,0
4.44763027019342,1
4.15115199671457,1
5.54357877818776,1
4.28729704398836,1
6.61014249276783,0
5.44923734360464,1
5.41347738117124,0
3.68429344437688,1
3.64072235593382,1
5.61139398401073,1
5.09239973634723,0
4.47247264305772,0
4.26690407494874,1
4.37730577957001,1
6.56683708655907,1
4.82017665900996,0
5.17529697280568,1
5.30577641680811,1
8.16440140186095,0
5.51642622234878,1
6.43091540662765,0
6.53641468556583,0
5.96634622591704,1
4.74017526709339,1
5.8168127197867,1
6.14621604073755,1
4.65961153890555,1
4.37297156397118,0
4.00074425274578,0
5.21579563183922,1
5.10149559669301,0
5.10983533885588,0
6.65865769879802,0
5.1522766019012,1
4.33309306470221,1
5.2577646327293,1
5.7000604896065,1
4.47652923541269,1
6.1533188338411,1
4.99965066930574,1
5.77854929039147,1
5.43187675217318,0
6.72218675971509,1
5.91982068160199,1
5.07889921295083,1
4.73525153483823,0
4.69750054399436,0
6.30565484649537,0
5.23011038842333,0
5.94356676279428,0
3.69779222017402,1
7.84670493804164,0
2.64349138749412,0
6.38215895912154,1
5.1046564760088,0
6.31891338045445,0
5.92300935707437,1
5.98144461608823,1
5.30330153264927,1
4.07089699453887,0
6.34996195310236,0
5.97616051861584,0
4.25323355343598,0
6.3962362517741,1
4.43829071646906,0
5.35212583160226,1
5.70749799927693,1
5.20316815105055,0
7.03742941554138,0
6.11571893529369,1
3.72846216390782,1
4.76914000566572,1
6.9973984409601,1
4.14810075343005,1
3.05176462850438,1
4.47557974415449,1
3.87057732335972,0
3.31147335313687,0
4.40433060040749,0
3.95280301067387,1
4.65041944882843,0
5.32936316308687,1
4.69915070575898,1
6.56884060004282,1
5.32356358324476,1
4.65609290865444,1
5.20510908483043,0
4.43441685773266,0
7.01653204688972,0
5.85567312418181,0
5.47338475420071,0
5.22956620130741,0
4.88353287937515,1
5.17641047899432,1
4.20202357367091,1
6.53886157688305,0
6.60297667083779,1
5.27001811972148,0
4.92888022643161,0
4.38310386194244,0
4.8095240703883,1
6.31218119400805,0
3.51182437049614,0
5.48869355260845,0
5.86093042050564,1
5.78978954773772,1
4.98958566086582,1
4.76401325338993,1
4.38996891770015,0
5.33582492322598,1
3.62832031215994,1
5.45196713323241,1
4.17241574100065,1
5.48287311739446,1
7.03117512754077,0
4.26405986956948,1
4.1691703230323,1
3.54248620282574,1
4.09734516835726,1
6.3683968045065,0
3.55700945032187,0
5.66355236932314,1
5.59674346111054,0
6.76154650949046,0
6.80035522973821,1
3.475778845461,1
5.72064498963792,1
4.43725648688679,0
7.0179632506462,1
4.08740881330483,1
6.31332753863812,0
3.64324960496147,0
6.21744336414312,1
6.05774260429323,1
6.27119886229079,0
6.38710731620413,1
5.33280694447601,0
5.00279714071653,1
5.86211908857614,0
5.02591453159616,0
3.98699400482011,1
5.30368763063882,1
3.65501491118213,0
7.00690082754954,0
5.78254707195632,1
4.25768427648621,0
6.12302452057243,0
7.31360219757186,1
3.94046217493705,1
7.53547731975781,1
5.22053467362233,0
4.49248911627514,1
3.56632923577045,0
3.92006232408223,1
5.91985494146875,1
6.0766846319505,0
4.73519258758529,1
6.12680410968019,0
5.01440299686152,1
5.08688394358553,1
6.90099087037869,1
3.70204750227645,1
3.19587078952449,1
5.09711410694188,1
6.29438548445262,1
4.41646866441492,1
2.99041946012035,0
6.72290462846917,0
4.79818208603117,1
4.03787689182955,0
6.60918838641283,0
3.1659541320064,1
4.11811379700021,1
4.9348224870945,1
5.93703319350837,1
4.5459090984143,1
7.24464962775943,0
5.54466414591779,0
3.31948253259168,1
5.3243707269288,0
4.72716269682968,0
4.98849337827069,0
6.15908280239678,1
4.46198716581105,1
6.40879977733642,0
4.92131719274276,1
5.09954243982866,1
6.25919286900084,0
4.80292887857537,1
5.64996397402498,1
6.07219399825645,1
7.23100119900015,1
4.2130742566473,1
5.31416001869195,1
4.48274774840979,1
4.07563614449604,1
7.21429861338659,1
4.98202102769563,0
4.63056309456626,0
5.00899525651734,1
5.01109622209861,1
5.22557668753578,0
4.86801246418939,0
5.37363311778576,1
3.43852647910641,1
5.99587106361567,1
5.05294312031555,1
5.86317156381016,1
5.29972800491992,1
4.84544876390323,1
6.72520505338717,1
6.8495530654209,1
3.40867946773329,1
5.16997491631976,1
5.20583935213141,1
5.6413571511915,0
7.26190458638061,0
6.2017758507345,0
4.35854934483628,1
5.61037067904799,0
4.81308008357164,1
5.93012743569384,0
5.43140315229442,0
4.60520254056055,0
6.10558358793592,0
3.98995407768596,1
4.55791252171879,0
4.78219446878018,1
4.33160907327383,1
4.3480809739764,0
6.10222047963648,1
3.36286426871963,0
4.60836964445309,0
5.80674262132605,0
6.24104243567556,0
4.13624260998715,0
3.82652868910184,0
4.3450309302417,0
6.06711764967249,1
5.59869621875148,1
3.39119194700597,1
4.80051042953723,1
6.00342338785765,0
5.74692084645287,0
5.13108342004712,1
5.82710974714216,0
5.61081075762635,0
6.06605848756417,0
4.17708881898826,1
5.02704707833062,1
5.87673581880091,1
5.17314153682454,1
3.64153153152611,0
5.42121943597424,1
6.02644217489945,1
3.0894089348906,0
5.35395049564775,1
5.87186737483829,0
6.00575069358365,0
5.48014976422677,0
5.88502462297437,0
3.75767438551098,0
5.57108504128403,1
4.39063182577597,1
5.39425196280325,0
4.75534379681286,1
5.4900813574869,1
4.91015939424518,1
4.52046888353189,1
3.31337995734943,1
4.50141431612392,1
5.61854516467743,0
5.5685231361512,1
4.45749771863092,1
4.61635425315474,1
6.19315078444561,0
6.22219694547239,1
4.68397387075478,0
3.66234909422132,0
4.23904650105686,0
2.70242270874051,0
4.5736791001711,1
6.40675021178245,1
3.53309840417419,1
5.47170217895196,1
5.44362766014904,0
4.40494832571582,0
3.20190669754858,0
5.23967565837749,0
5.47416844054923,1
5.68877396010737,1
3.9383613176986,1
4.46439355339185,0
3.70365984415909,1
3.46112683427105,0
4.35920617797368,1
5.65736543219505,1
5.92593969497437,0
5.82953095018755,0
7.58207943362154,0
5.41021147690188,0
5.78385511320386,0
3.11881184392138,1
5.77702772333148,1
5.25902320601699,0
4.07496068410296,0
4.51687991836986,1
5.50456231695037,1
4.30974331659974,0
6.61656784488226,1
6.92417174831759,1
6.95863333739337,1
6.05059030444525,1
5.48707174556933,1
7.08913326067871,1
6.43383240490636,0
3.88036404417493,1
5.33675119368224,0
5.10921730058506,1
5.4007363719506,0
5.14596810029158,1
4.61230478897603,1
5.69565988276493,1
4.53358279750208,1
5.20673474447415,1
5.41120259621291,1
3.62662697920968,1
5.70648924672403,0
6.36279530919888,0
4.49479085747039,0
3.65434280277459,0
3.19776498724364,1
6.88665873851959,0
4.09248818906446,0
3.52926930841838,0
3.70619111867995,1
3.83399866441173,0
6.15045555372987,0
4.40132890739861,1
5.66832983715674,1
4.9893987410967,1
5.58850002624426,0
5.45550594517783,1
5.65018919203236,0
4.83991850006941,0
6.6910454716716,0
5.10534892946095,1
4.59634281336832,0
4.41473982489815,0
4.69629742780865,0
4.92265060890626,0
5.47334871004851,1
4.96456403372763,0
5.78494113372547,0
5.03349529990189,1
5.13513085539516,0
4.40490565806745,0
5.27349200667368,1
5.31571970454592,0
3.91572102832405,1
4.91635753933297,1
4.71159232192946,1
4.89938320293517,0
5.69302889973998,1
5.27762008533663,0
4.24392237215567,0
5.5410363957226,1
5.91398116344072,1
5.9657972921014,0
4.75837826647691,0
3.86505110716557,0
2.68797296546936,1
6.16310541143913,0
3.70566087072323,1
5.11818241003434,0
4.48121769147616,0
4.92283891702818,0
4.05035821753627,0
4.80014711309894,1
4.83605401721843,0
6.00263731066643,0
5.40969301735501,1
5.1158262610668,1
4.6357264757376,1
6.4013312877403,1
3.31354578150334,0
5.73879100356035,1
5.01173953251523,1
5.80363245495463,1
5.31459195631445,1
5.6487345619432,0
4.02974830813939,1
3.27601963376284,0
5.67806451697221,0
5.56243428071818,0
4.1999838935222,0
4.92290621481531,1
5.67679533925816,1
5.55454417718545,1
3.31036677127276,0
5.70567997327161,0
4.31300858343972,0
5.46812589253503,1
3.63865922514218,0
5.71757567315958,0
4.76753450846314,0
3.48976486119692,0
5.67048138036658,1
4.56680751813637,1
4.56990994073895,1
3.92534438725612,1
6.34658136829348,1
4.55939765944168,1
4.67226400905646,1
3.84133921394835,1
4.53230388337228,0
3.90690690412494,0
4.39262156096819,0
3.60388920294304,0
7.21330809311846,1
5.91675143021532,1
3.67663091273049,0
4.69486964218889,0
5.22779477863815,0
6.94452790652885,1
2.95850876991205,0
5.17477418059366,0
5.14901251887979,0
6.57255166778271,1
4.56860943372837,0
3.99192130637321,0
4.94826246909484,1
4.25989688961653,1
4.10521332938301,1
5.54939505139666,0
4.83397422838289,1
5.67962943436151,0
5.09302831383359,0
3.9185674721499,1
5.35837397340874,0
4.84019670339998,0
5.10978983255753,1
5.81576252971981,1
4.96661627953267,0
4.77628753156144,0
5.13536019779567,1
3.82329328127851,1
5.30174894249199,1
4.99267733976697,0
6.37760516383823,0
4.14142277644406,1
4.13243766102521,1
4.19796226137274,1
4.84982246879351,0
4.0586071795367,0
5.22869491105001,0
5.69855604745479,1
5.4338071812358,1
6.7012323369045,1
3.73306734160705,1
6.12772427288005,1
5.24637892942922,1
3.62799550518978,1
4.32692995611278,0
6.02032115645288,0
4.13993190075435,0
6.05221498975549,1
5.85144095530341,0
4.64943743009447,1
4.29549040444916,1
5.51887874881191,0
4.70613458906875,1
5.10848147144628,1
2.66614516525743,1
5.3205724238457,1
4.736603342259,0
5.43057762698533,0
5.14887477434395,0
4.56273361850571,1
5.84877177396498,1
3.05269252000189,0
3.82429719855593,1
5.00671723285119,0
4.38903960067089,1
5.0536530272984,0
3.91862383355044,1
5.26089469837399,0
5.17367523589927,1
4.71247641809163,1
4.14793131866848,0
5.48561850885335,1
4.56359974734951,1
4.48211066470663,1
4.10827121943202,1
3.84825139716354,1
4.57218722577077,1
5.21580684170401,0
6.33885914706711,0
3.84730523788058,0
6.6082814864231,0
4.24384940367728,1
4.94515511884941,1
4.66112338570652,1
4.65341097591386,0
4.29641497811941,0
5.22985107304129,0
4.44225980808756,0
5.57176736996207,1
5.55701062475879,0
4.28287100580234,0
4.00450808991498,0
3.75639079536833,1
5.06823499259577,0
5.06371973325491,0
6.21250989718674,1
6.20187171507774,1
5.01493051508628,0
4.9842885400071,1
3.65923246969226,1
4.93278328694308,0
1.5665201850443,0
3.84282372498456,0
6.66288474041092,0
4.97364271663874,1
4.25731021891759,0
6.64889271204721,0
6.68011355896219,0
4.27734764295205,1
5.91771495475846,0
5.20600973943177,1
5.80614540116704,1
5.0044262173976,0
6.04002771411631,0
4.35227912766952,0
4.84263816440908,0
3.31744623187322,1
6.06076334288362,1
4.14994145284387,0
2.54164091596314,0
4.59837785087315,0
4.82209673645954,1
6.31232080317803,1
5.63294209997517,1
6.18684710723694,1
4.29886244341461,0
6.1409073676074,0
5.38361017396905,0
1.66611790261527,1
5.67791060954701,0
6.37864076266323,1
3.74876333023516,0
4.01765321741578,1
5.7334609898572,1
3.53056932146417,1
5.4499980097798,1
5.35174705266282,0
3.59955602098618,1
5.65816292852429,1
5.32999468860342,1
4.66387420440925,0
4.11422724571748,0
5.19420766232865,0
2.7643034329537,0
7.22301209031786,0
5.84972878274814,1
3.78683932295577,1
4.94215656953073,1
6.12101314165142,1
3.82786330836872,0
4.93733892342587,1
5.81898533367345,0
5.17246655666483,1
5.24636257988275,1
4.97643270839301,1
4.30540320880383,1
6.04146605380095,1
5.90136295724368,1
5.35043692953531,1
5.78074402072521,1
2.61748258411903,0
3.71546846436164,1
5.40434450251532,1
5.50439500791149,0
4.77431327188366,0
6.42528430483,1
4.89044818456113,0
4.60096228589582,0
6.21023199064773,0
5.36109532232971,1
3.67597186140517,0
5.14388394865815,1
4.74017987488145,0
6.43858547626286,0
4.47461543712964,1
5.88833083982409,1
6.24315042116581,1
6.93715469537312,1
4.34280957736557,0
3.08665488568717,1
4.39059175436273,1
4.79198492153068,0
6.01677798264127,1
6.05903552727431,1
5.26152626180272,0
3.19665547529411,0
4.92802632441397,0
4.21345452804541,1
3.77195687136483,1
4.64809788409327,0
3.69106395887385,1
3.44765943691569,0
4.81395965841357,1
5.95484741009379,0
5.28407096748552,0
4.82171304851365,0
5.91870998825821,0
5.31393680112084,1
6.13504272693407,0
5.14840567856232,0
5.90022066645995,1
4.29972047753487,1
5.76196060365774,1
6.99897074337875,1
5.25286616298613,1
4.96586875906467,1
4.47049372488661,0
3.94878070936606,1
6.53711378673609,0
4.35517890877649,0
4.66904698902335,1
4.34806324039284,1
4.67375028469921,0
3.24094924241828,0
5.58921028262381,1
4.38999792123483,1
3.91874565836596,1
5.50447916134582,1
6.45211984371615,1
4.39137645114551,0
4.67298710359014,1
4.75691943585159,0
5.35043790894779,1
4.61681024004036,1
5.51560656230416,0
4.04468999556582,0
5.7578597109358,0
4.0865274625293,0
5.96287251917217,1
3.3696811594341,1
4.16914602200598,0
5.43431402538976,0
2.87034032092855,0
5.37246543299956,0
5.9433662037687,0
4.57348324507991,1
5.35851636046499,0
4.73285412855786,1
6.74687640348187,0
2.80893922327677,0
5.92566850162137,1
3.7262277103742,1
2.50302377831235,1
5.33006203160683,0
4.08653395124736,1
3.94519195377974,1
5.49505850089682,0
4.20981420267025,1
3.78773573852294,0
5.52889239877106,1
3.90043747206059,1
5.10351789935206,0
6.77968342051387,1
4.8282896340257,0
3.65084418495407,0
3.19695289222673,0
3.96216978746438,0
3.06025158653549,1
5.18823984089459,0
3.56325197198946,0
3.36811911628094,1
4.66744960609107,0
4.86297005304746,0
5.3837282048766,0
5.79078646155123,1
3.8968670878192,1
4.07518963169552,0
4.88650365557309,0
4.34157981842082,0
5.77925147187164,0
4.78230333311717,1
5.91029048006339,0
5.0321585941463,0
6.84561035402689,1
6.72767569511167,0
4.3289767789374,1
4.89016647916142,0
5.32872043257548,1
3.47272056650077,0
5.73915734912209,1
5.05795965405139,1
4.89980751466237,1
6.02033790277004,1
3.69654290973356,0
5.09562053331897,1
4.42358896584477,1
5.56194133427458,0
4.33333576522536,0
6.25409333327636,0
4.08057536505068,1
7.6494110986219,0
3.81265874565789,1
6.42064425475376,1
5.84885273843477,0
5.6867588712968,1
3.43267456062067,0
3.90911901405877,0
4.05170976618854,0
5.55611458564107,1
4.9846183081633,0
5.17135491794844,1
5.83112393891824,1
5.13244806696298,0
5.93912614465343,1
5.48019122386957,1
5.58040777031777,0
6.49331387677725,1
4.41988435030782,0
4.23729455667666,1
5.6831455474636,1
3.89608750289166,0
5.42444659120022,1
4.79690248585886,1
4.23411760289184,1
4.84253401106851,0
4.01594504797284,1
5.38954307676209,0
5.28290783617748,1
5.01982593740363,1
5.47105530781548,0
4.85670270771098,0
3.76396918447125,0
3.84368142400411,1
5.05253754826645,0
4.98002345605762,1
6.80574452671739,0
4.54380481312476,0
4.04126393476187,0
3.86855220541784,1
4.33905181723531,0
5.3830528655441,1
7.900169765552,1
7.38168295892607,0
4.76790320135134,1
4.54443178001265,1
4.29291985188969,0
5.28135811411664,0
3.00431089181665,0
4.80585073402778,1
5.24056966345514,1
4.61766509675943,1
3.15940534189669,1
5.06004369656828,0
4.58046280834512,1
4.4124872091937,0
5.56739645653396,0
5.92993386189797,1
6.92563667134297,0
6.89366637402496,1
5.32102576633626,1
6.27069629052007,1
4.51213597155767,0
3.78158011822058,0
7.19302737048667,1
3.54336217318388,1
4.29809392142926,0
4.71639743600535,0
5.64425080087797,0
4.4506538058263,1
3.96546904024394,0
4.75926031769035,1
4.9446779058304,1
3.63181353057379,0
5.23594270137419,0
6.01822531248345,0
3.70295047846686,0
5.75762217050247,0
5.65627279068584,0
3.8735654318417,1
5.19687173970704,1
5.37540669171498,0
6.33423128785174,1
4.13456896500668,0
4.55270404324853,1
4.61816041452925,0
5.98140451308202,1
4.32165102540575,0
3.53245614948647,1
5.5838207858087,0
4.00378614486976,0
4.44319486058144,0
4.85952740733915,0
4.6466041002538,1
4.06191943447261,1
5.58424835650837,0
3.93554594717739,0
4.05970080847734,1
5.82094821940848,1
5.88888270784509,0
6.04609718664578,0
4.57660201643967,0
5.98208898867622,0
4.8823215343768,1
3.10174318644219,1
5.45347534692966,0
4.65730795890927,0
5.52379040697738,0
5.06350748698202,0
3.97537681822593,0
4.49488562555947,1
4.99486904344026,1
4.08158374855074,0
5.74308518226798,1
3.82718917042685,0
4.80325965609099,0
5.09401667622002,0
3.64805302758564,1
4.90155486184039,1
5.86072842969839,0
4.2534981869202,1
3.99226367978543,1
5.09813283544857,1
3.43462741500949,1
3.66526155457469,1
4.73633022174195,0
6.06328060094947,1
7.83956912563459,1
5.29428559732386,0
5.13794641800225,0
5.99356072782535,1
4.66209987816658,1
3.3066615053442,0
4.83908543944799,1
5.11664043403407,1
4.07387910461483,1
5.02265498755647,0
4.60747578324154,0
5.82146678702103,1
5.57736358185816,1
4.18133101359932,0
5.37930344692081,0
4.29414553539593,1
3.79642429999145,0
4.89848376545425,1
4.85399863826652,0
4.41006599419757,0
4.27104852524112,1
5.2905483455731,1
5.749164703864,1
4.69688268894458,1
6.2420081814702,1
3.84476858279393,1
4.82414918261172,0
6.28810875216034,1
4.26861345283479,1
5.48591839769378,1
5.15541808580904,0
4.82256075066962,1
5.06178202572227,1
5.3678935300912,1
5.60355552214511,1
3.70681049039857,0
5.63357384708695,1
4.04382568447634,0
4.89002285747845,1
3.59939892070078,1
8.25980639271367,1
5.29259581260375,1
5.64723960046579,0
4.92787903489228,1
5.23716731320441,1
6.81056937822607,0
4.65327682848584,0
4.43793101182789,0
3.65640784437513,1
3.93395185649797,1
4.30564671123596,0
4.75214925163591,0
4.82176799126093,1
5.03118411223062,1
5.50138011636958,1
4.12298253651422,0
5.27322117486373,1
3.27814199814007,0
5.45874306411201,0
4.19972089647571,1
3.85922895443977,0
4.91809970908229,1
5.68460641339377,0
4.84756816379513,1
4.69602304453534,0
4.82529373538682,1
4.88810403393254,0
5.07000457432216,1
3.91120650308652,0
4.16911658486758,0
4.37653250840427,1
5.93681704244669,1
4.08070510655027,0
5.34549514273554,1
4.94047616351114,0
5.88167254279013,0
4.02549972877576,1
5.39910491625711,1
4.58456673547036,1
4.98134285776109,1
6.57122439742753,1
5.17113260088078,0
6.38949892365986,0
4.70577192928783,0
5.33138209231826,1
5.55294399404695,0
5.13253426307316,1
3.81599009931274,0
5.23347230577481,0
3.11342561081845,0
6.62569606253843,1
5.27476580977793,1
5.36818822063787,1
3.87129264692762,1
7.27178138084451,1
4.9251915002754,1
3.86738387893468,0
5.72061156631596,1
4.94504831851556,1
6.08961486107895,1
4.32996109480151,0
5.01652680085361,1
4.01679759630659,0
5.36395254115526,1
4.95609699461398,0
2.87442619050862,0
5.15875766565493,1
2.64690854333188,0
3.68067827885668,0
5.12315128925828,0
6.8148484913891,1
4.02377319856024,1
5.63567655298051,0
5.32582067083207,0
4.13388231231052,1
3.02260901456624,0
3.12740908018871,0
5.55467373590777,0
3.69233526402726,0
1.54068128214649,0
5.28603000085348,1
6.23424007384333,0
5.80076474008507,1
6.9307199350694,0
4.17556548746134,1
6.17383202865964,0
5.42834068013437,0
5.80052364506686,0
3.24272078488256,1
4.22373797674063,0
4.30686267600304,1
5.76590686864717,1
6.87927885375423,1
3.86955033826567,1
4.53988533478301,1
5.82640422309805,0
5.0417212715846,0
5.04097259498359,0
4.1429687804734,1
5.22156756700818,1
4.11908241981247,0
4.83145516014054,0
5.71628174672944,1
3.92684238127122,0
5.40032479525233,0
6.57514892029164,0
4.97685146126232,0
5.5671825672703,1
4.13431530241182,0
5.04467607865796,1
6.3427023245894,0
5.36248933590574,1
5.95934370091877,1
4.80698959568837,1
5.04008776124037,1
4.49808378606788,0
4.78698981105298,1
2.5008382899929,0
7.25377327679304,0
5.74178460431093,1
7.18730357962384,1
3.5553340265521,1
5.1279420840189,1
4.11621985762706,0
4.77237328729125,1
4.74680492252079,0
6.26569721366771,0
5.73829311783489,0
3.33027022038494,0
5.93452390012489,0
5.29031321141711,1
5.19362454180722,1
6.07351568637374,0
4.64343665119285,1
5.39531639371972,1
3.04270256762077,0
4.76092405228284,0
5.21458672868507,0
6.21762869863499,1
6.50763808995362,1
4.33877121266593,0
4.98419948348602,1
3.52482473918863,1
3.49283708015398,0
5.58386959319725,0
3.10551474535718,0
6.1128068064702,0
4.5368572878697,0
4.18278970066009,0
6.14740692482717,0
5.52169285029252,1
4.65272926395219,1
6.64018841985698,1
6.16313807199868,1
5.38513283396228,0
5.51586976232253,0
4.93486799422903,0
4.26345903210177,0
5.48012324464879,0
4.64320628829072,1
5.42959757462442,1
5.50046778440931,1
3.74065282365361,1
5.76552087056842,0
6.06510697762188,0
5.83934050210785,1
6.31182500907735,0
6.82053189433713,0
5.36370504829657,1
5.44000652258595,1
4.51404160235203,0
5.58147996677204,0
5.39887390618005,0
5.37519760661188,0
4.69177436090255,0
4.1427769439141,0
3.44656583189453,1
4.59087330493544,0
4.9431335928953,1
7.16586884858205,0
5.17881381421025,0
5.60508584707749,1
5.94305846711963,1
3.60539183477397,0
5.66980760715172,1
3.5935641181144,0
3.24886508075801,0
5.79424614293558,1
5.19490091871935,1
4.2793068359289,0
4.6875115076168,0
3.88536548604251,0
5.88178017862384,1
6.93262995770662,0
2.36215667778739,1
3.67156361866731,1
3.40332383565061,0
4.65365632485008,0
4.56294758847229,1
4.49423801672036,1
4.76470113527313,1
4.08644418321612,0
5.60718638766503,1
6.53085061937215,0
3.48582467957047,1
6.42253936583741,1
5.23344296532671,1
5.56876296613155,0
4.29813924724327,0
4.63196905732507,1
6.14078017110369,0
4.46572853233719,0
4.71239176173073,0
5.56939458100467,0
4.09702528791075,0
5.2430404910195,1
4.83979096520069,1
5.93168225526051,1
3.57046048358152,1
4.04815641499759,0
6.157218763103,1
4.08998361216506,0
3.63957739044283,0
4.38038869736873,1
3.75416492419876,1
5.36036565339372,1
5.23387950333639,0
4.64988996274305,0
6.50244434137451,1
4.34220397951338,0
6.65142236140293,1
3.86309983786286,1
3.88718658481791,1
3.28067642958027,0
6.28738667164153,1
3.65887322192147,1
5.61878005027798,0
6.4723529006353,1
3.97028116930785,1
4.00619461009071,1
5.07640400648069,0
4.10009466253509,1
4.35893791968992,0
5.31611519344022,1
5.19432956777947,1
6.80422025032579,1
6.29962607307354,1
3.25578780215955,1
6.0910423988343,1
4.67599013009951,1
3.80678642792826,1
5.4406345773962,1
4.83790483589029,1
3.43111283181981,1
5.23932490589952,1
5.80292017548052,0
4.48848394681186,0
7.17682801765733,1
3.02994613535991,0
5.97431423601208,0
3.28509121010037,0
6.62316630049202,1
5.07884762402119,1
4.63084810048509,1
4.15483273164629,1
3.66334358040748,0
6.81124091686383,1
5.63718153719477,0
4.79377049992882,1
6.84129451490504,0
5.9831088563228,0
7.1923518381176,1
5.8702997650237,0
5.64862113741979,0
4.48195179844667,0
4.07831317013841,0
5.74522906409632,1
5.99240500283384,0
4.49670351271278,1
5.11478996062727,0
4.18701113983612,1
5.49401297973446,1
4.91273390713353,1
4.48903703760371,0
5.24012733500168,1
4.29912500157674,0
5.56838307992616,0
5.33096568121394,0
4.83227977365808,0
4.15106710681204,1
5.15871327883504,0
5.28373305938313,1
5.47545206264398,0
4.56622900640851,0
6.46063122823662,1
3.50412545277073,1
5.28966330571068,1
5.88793538693945,0
5.01722738058854,0
4.00617300423736,1
6.34262387806616,0
5.79346322837374,1
7.10788675712624,0
4.87610297764185,0
4.23379158197568,0
5.34809163720854,0
4.53458379180911,0
2.18693959826772,0
6.35286789621914,0
3.965656832249,0
2.86452334891476,0
5.55761583372602,1
5.52627416492049,1
4.59305619755715,0
5.87733270065465,1
4.50789542350464,1
4.9401420341584,1
6.4885102232571,1
4.21006802798112,1
3.73956149259954,0
5.46637913829504,1
5.83050172419709,1
6.36311005671037,1
3.97408923998001,1
3.51315203902348,1
4.42448332453664,0
5.31737354951156,0
5.38515232213462,0
4.29881898057863,0
4.6895592278814,0
6.58417863441353,0
5.17100581051604,1
5.05129085878529,1
3.47012832114605,0
4.79851701059239,0
3.03394447018959,1
4.61424976860867,0
4.94664140167357,0
5.53188428479891,1
6.19011314843334,1
4.77750422055376,0
3.26227547848305,1
6.09914680767663,0
5.74103362705848,0
7.61871787880584,0
4.56139066122612,0
6.01495795579203,1
5.54371452679578,0
3.76597235386602,0
5.33110678886983,1
4.18465365946804,1
5.68745250523597,0
5.74130255036833,1
4.29611708917523,0
4.8000589645968,1
3.47305123506508,0
6.25897326057361,1
4.79011561506035,1
5.19384441906367,1
5.62414175080198,0
4.14208173827848,1
4.71148714723896,0
5.49167072149271,1
4.80334396657134,0
5.18798786108218,0
4.36501321601441,1
5.2462832043345,1
7.50376746275793,0
4.87260960149526,1
6.49734333060631,0
6.74144074320284,0
4.83579814955419,1
3.79559088357143,1
4.10875124915125,1
5.08546890830412,0
5.46648559049553,1
5.34856115919006,1
5.40792049719396,1
5.98790924360863,0
4.67935499095397,0
4.29742074900426,1
3.93482193320953,0
6.15252061076778,0
5.51235818282343,1
5.54951549443698,0
5.54039662941547,0
3.96185047341554,1
5.15291291950956,0
5.02162451743232,0
2.69734590870183,1
5.95680143181853,1
4.84549711385506,1
6.37771182480312,1
5.61050883120349,0
2.99537041436464,1
5.34045207456822,1
6.77330668246555,1
4.60865572078544,0
4.08924495705345,1
3.28710793114512,0
5.82106102868771,0
4.6943034951419,0
4.80964985577522,1
4.14508828147497,1
6.24652103417996,0
4.75646688882651,0
4.34265166632527,0
5.09047276855277,1
4.40951903015493,1
5.54221421088024,1
4.97674313756494,0
3.26136092177142,1
5.52713128906281,1
6.72124219931683,1
5.60455184879451,1
5.52410063333541,0
3.07095162818394,0
4.92374751149486,1
4.55800269801628,1
5.63931406582876,0
5.88469112583827,0
4.41338734709546,0
6.43713568288024,0
4.85833774011056,0
5.39449761910379,0
3.26897497535307,0
3.69301503756672,0
4.7302490726997,1
3.9867264685668,1
3.41483658022911,0
4.95220450958653,0
5.63006144990008,0
4.99573609797928,0
5.59727835173132,0
5.86490005712616,0
6.07627937154234,0
5.77525676821781,0
5.69609248426424,0
5.3492273388363,1
2.99581706676497,1
5.90123329127093,1
5.23479481096292,1
4.88259488287045,0
4.63899917921924,1
7.08871203588371,0
5.56184602571682,1
3.92170647249816,0
4.43727932491033,0
6.43537641504605,0
5.79863662779143,0
5.20501312618342,0
6.30154673717556,1
4.30514913037272,1
4.07052735224476,0
6.58127446428597,1
3.02920376153951,0
2.86226544691813,1
5.51666841995257,0
4.27735618551021,0
5.59704358438946,0
5.26727251606611,0
5.52946886235015,0
4.28459468701066,1
6.49159861351377,0
6.7671214183528,0
6.20320709175102,0
4.82241319842262,1
5.64097643950246,0
5.5502339345438,1
5.14753601763887,1
4.27905721134562,1
5.23383613966857,0
5.82041766037521,1
4.36113035080646,1
5.10841600763315,1
3.94705422144817,0
4.69725901797689,0
5.5368769276238,0
5.39902890041324,1
5.27128016500797,0
4.49135420828231,0
5.31100401495957,0
4.55339554169188,1
5.62082449360097,0
5.29016507443123,0
5.67506671014692,0
5.32587431466681,0
5.14583978702151,0
4.931623363232,0
5.25540392557639,1
3.56165668856856,0
4.93455054442237,0
5.10622908627117,0
4.99375072493259,1
4.73921274368172,1
4.80303418296948,1
4.6647286044549,0
3.29237370024996,1
3.90641585678696,0
3.37241538146075,1
6.41706472290305,1
2.31566349402172,1
7.51623537318234,0
3.88657750711373,0
6.19530727317127,1
5.94073978029525,0
4.60816119316652,0
4.04702239951125,0
5.72740474255392,0
2.59932373627236,1
4.39743102802374,0
4.18489893884933,1
6.26864095684437,0
4.56149868971293,1
2.84969357655347,0
5.52901477281528,1
4.37045367792186,1
3.53962714129852,1
4.85384257633115,1
5.4195636375192,1
5.75632188237673,0
5.24386002906926,1
4.8982431944932,0
3.45657031166989,1
4.82039669638462,0
3.91406130729763,1
4.5203749589632,1
3.65528504881071,1
5.20212939443426,0
4.23191510230372,1
4.13678495297783,1
5.17960873174391,0
3.7625579543802,0
5.88743253363885,1
3.79585763706071,0
3.58548776151355,1
4.01176937880482,1
6.1491699399276,0
4.79079630209124,1
5.04831328181862,0
7.070132848587,1
5.5422808681485,0
5.35770636772806,0
5.19497351402221,1
5.88591406085428,0
6.78721853418808,1
5.46115624318977,1
5.88661728466293,1
3.74470478934409,1
3.57187810514461,0
6.00294845971438,0
5.02754585448574,0
4.33445105973011,0
4.02400311260042,1
4.74013997846447,1
4.70469758053379,0
6.22728333775343,0
4.37554369686862,1
4.40646303894828,1
5.44062447552562,0
5.37372029940559,0
5.38036562824697,1
5.32381396829835,1
4.31870744073908,1
7.09635403494935,0
3.36652566570422,1
4.02386065460309,0
5.94667140073367,1
5.06035545077706,0
5.25183831050296,1
4.89121847205407,0
4.71176653788579,1
4.17084374173059,0
5.53997476375416,0
4.95476377087096,1
5.59272902541419,1
3.68721846081381,0
4.15572699524283,0
4.63273263553892,0
6.25124640430573,1
4.7372972343644,1
4.90544351904516,0
6.24243903455362,1
6.34767427481077,1
5.20859335629869,1
4.69098298640993,1
4.39357821463324,0
2.2701123281918,1
5.30581563653684,1
5.79192003910341,0
4.05204531963568,0
6.61595638935637,0
4.74013804179071,1
4.97360629687104,0
5.45475474488262,1
5.64433910604063,0
3.62755256507773,1
4.13404350215834,0
5.32695644638253,1
6.45908432650109,0
4.69025216529988,1
4.26339546706983,0
5.11524350157362,0
4.25643126108324,1
4.09129390036609,1
4.40955737280689,0
4.15981708302359,1
3.88670848168221,1
3.99475790909561,1
3.48211989996989,0
6.58479382350327,0
5.2986816743807,1
6.77003737179821,1
3.87855126290318,1
4.01760996089538,0
4.66488374157457,1
2.50934157891048,0
4.48966272409047,0
4.30983128040394,0
3.52837625065865,1
4.88639176882114,0
6.10414646025418,1
4.61943900083098,0
3.53140148137157,1
4.47150262001993,1
5.75401033598359,1
5.29998122101578,1
5.42847796800928,1
6.46325586610596,1
7.67019955460126,1
5.12762909196272,1
6.00410809756307,1
5.11651458660655,0
3.9968501210558,0
4.87947130631609,1
5.70340042084869,1
6.99519457964701,0
6.26850169367462,1
5.57661510834419,0
6.97075946434775,1
3.62715477499907,0
3.89363038375797,1
3.92577972230642,0
5.28278821800547,0
5.79895391537228,1
6.77540890418097,0
4.91405163315062,0
5.09580313288321,0
5.74545119677069,0
6.29461710476132,0
4.64301019388194,1
5.43605312169749,1
4.18837250937911,1
5.4934400465563,1
7.10459120746152,1
5.26630894912464,1
4.17586927598429,1
6.68052862577436,0
4.77384321824506,0
3.79423611381504,0
4.90821782655517,0
5.87737242606922,1
3.76198197201968,1
5.8858187956088,0
3.79939554127921,1
6.53408192865983,1
4.72703932708819,1
5.79452531076877,1
3.22232559003452,0
5.51158007287146,0
5.31788116692389,0
5.55030100113063,0
5.12175312418459,0
6.16545475497417,1
3.99900576279759,1
3.77699909800016,0
4.12020876626511,1
6.29211164290362,1
4.52892514678302,0
4.92166855151413,0
4.37614174700951,1
4.42696333991087,1
6.49651815313823,0
2.64915651287697,1
5.4717542341237,0
5.04942836261673,0
4.63549914519903,0
6.20404362664357,0
5.58441558074466,1
5.88668736797438,1
4.8151714983189,1
4.2533071482252,0
3.50692332395554,0
5.23538098270549,0
6.20158790657376,1
4.12572733532484,1
5.45962751301274,0
5.54504812916093,1
4.97912977091557,0
4.46519497160795,1
6.67992682147908,0
3.15165295430787,1
4.6251716526714,1
5.68282204775862,0
5.95603767821962,0
6.44245284351368,0
6.389479240305,0
3.60057898248217,1
5.84040611420658,1
5.484162102915,0
6.35109345230605,1
6.05937766240171,1
6.03145282352345,0
3.28272446007939,0
5.34996176325241,0
3.57036744145498,1
5.97847323511144,0
4.86980307433878,1
6.03187347136606,1
7.38590438220704,0
5.79757693376533,0
4.10045177219904,0
5.98957714143642,0
6.27040080972093,0
5.84095110083513,0
6.89916756934856,0
3.33273850224809,0
4.61763522656451,0
2.90300619433684,1
4.62991955741682,1
4.81509268084708,1
5.86224533901798,1
5.00936941205967,1
6.5113461710437,1
3.73616376455436,0
6.58296632523756,1
5.10616294746143,1
5.13171980802198,0
4.41322385528825,0
4.9510189045879,0
5.15508228054259,1
3.97135263403029,0
6.22725534306642,1
4.59378984406871,0
6.71994789947175,0
5.80926035432592,0
5.17354261603817,1
2.73609180570033,0
4.54951988237991,1
4.19317450646978,0
3.49860989592526,1
7.32061512580184,1
5.24194211987494,1
5.10834962700263,0
5.25594682379349,0
3.67923114050453,1
5.0316422532774,0
4.8233543541754,1
5.79857287509587,0
4.90734842552628,1
5.63445670089863,0
3.34131969621568,1
3.7906030035215,1
4.06966419443899,0
6.3929917569751,1
4.47562200829346,0
4.05702786462591,1
6.60389112811708,1
4.63573414305122,0
6.52105826948332,1
5.20345518696709,0
6.34763200156617,0
4.12914104507084,0
5.0239430322045,1
3.5348023387377,1
5.66829555230286,1
3.42314198101023,0
4.6692072223264,0
5.48144336900507,1
4.11652295522686,1
5.36099219806044,1
5.28807692896049,1
2.86347116104632,1
5.9012024271156,1
5.86049929669438,1
4.31583642981795,1
5.85252409388417,0
4.88160530738406,0
5.74420972080028,0
4.4597096748346,0
5.04643628166747,0
3.902614850247,0
4.28245235660302,1
6.040061832125,1
6.06592148935534,0
4.332891846091,0
4.37240394708219,0
5.03370745654428,0
4.87737824469951,0
5.65810129922758,0
4.8979644754417,0
5.43791159958126,1
6.13990077359617,1
5.77180028266235,0
4.09328507250285,0
1.75845557909151,1
4.91092779291575,0
5.65421612918949,0
6.9410264199819,1
6.13660039050818,0
4.96932675790999,1
4.66823323482661,1
3.64483549190206,1
5.63062255475752,0
4.63390287553494,0
5.43028576582468,0
4.44755896928685,1
4.4712570227853,0
4.76868520842493,1
6.09412562547991,0
5.07190236618822,0
4.07675404904837,1
4.83038676154313,0
3.36774205560219,0
6.01144364408647,0
5.69249743472287,0
5.76320793164725,1
3.06856725128518,0
4.65670175863943,1
4.89247943281418,0
3.70082993831592,1
3.81511958063125,0
5.7184632741683,0
6.10399748359464,0
5.75616338283636,1
5.52373916965527,0
4.47659827964911,0
4.61404833482174,0
6.08453999612376,1
6.06693179584429,0
5.01885764453555,1
5.7503937098944,0
4.60436883636731,1
4.67382706827965,0
5.41132464425737,1
4.57943737574399,1
5.68314757247041,0
3.79291229304395,1
3.89241084752402,1
4.62161138852083,0
6.31067404453293,1
3.78238019879887,0
3.43169180313682,0
3.94509176075868,0
5.08126951521108,1
5.51662637784292,1
4.98429434811216,0
4.11743036905678,0
5.40001891736633,0
5.0117474392414,1
5.59908803858997,0
6.21029803868517,1
3.86930229825344,0
6.67307241402023,1
4.42067308928448,0
5.75380012065345,1
5.42398687461537,1
4.90555606969646,0
5.68166238323872,0
5.83171612248641,1
5.87308380662166,1
3.99078155433158,0
5.79413703071928,0
3.22771881117699,1
6.81013394043327,1
5.30770752752432,1
5.66077070201716,1
4.95513278125602,1
5.62778603001437,0
4.2094108358669,1
4.24691091445145,1
5.97426324815063,0
5.21546428096075,0
5.76628496182854,1
6.3849427267509,1
6.65204425097165,1
5.14422339214693,1
4.20978499307225,1
5.51708289216339,1
6.86388601678533,0
5.12841126347022,1
6.30078757739361,0
2.65576335945561,1
2.8439115887567,1
5.28438731984728,0
2.54790515140981,0
5.10713246451409,0
5.13402388133439,1
5.45167834140754,1
4.86850966716642,1
5.28487458739681,1
5.17830379953601,0
3.83972751984077,1
3.57040106824585,0
6.43013927290565,1
6.60620997852598,1
3.76757183007784,1
4.98558529003813,1
5.43000856416801,1
3.58998372502069,1
4.96602903429728,0
5.87845914465497,1
5.16087686099136,0
6.40355453970579,1
4.83949191032567,1
4.67262224472098,1
3.9225169134311,0
5.26926547005546,1
5.94779350631791,0
4.70901741625447,0
3.87739192078197,0
3.80899965288791,0
4.97334230268889,0
4.62309553570173,1
7.68432077263464,0
4.35389844225058,0
5.24185747309534,0
4.27684827088161,1
5.25105792587591,0
4.91808071905659,0
5.46248501817521,0
4.56992521949363,0
6.50230620140579,1
5.9772079751043,1
5.28513207376109,0
3.12024154468789,1
4.54193454723518,0
5.78974143270735,0
5.93247402621563,1
4.72494580848569,0
5.49106649816087,0
5.62821269373278,1
5.71031042392697,0
5.43985475940646,0
6.57362334158289,0
4.78694379483546,0
5.05706777228853,0
5.03321772425087,0
6.31806017009461,1
6.55410216255707,1
3.55667363492661,1
3.59272001554433,0
5.74282265337475,0
4.04973033794543,0
3.15285668944116,0
6.65125840768752,1
5.10479028425427,1
5.99528338029329,1
4.06656591531607,0
4.90795146623016,0
5.43544945543582,1
6.15367468143337,1
5.38954617489511,1
6.43852734679068,1
5.43736865361133,0
5.76634791711342,0
6.48650491788913,1
5.97837672275463,1
5.49259659731791,0
4.85602193430407,0
5.57742120650047,0
4.89687956902195,0
6.16216326854532,0
3.95433493180124,0
4.13479503648842,0
3.94059546575576,0
3.10181211748415,0
4.47941784040426,0
5.15126479834987,0
4.18984895208475,0
5.05634708492546,0
3.24883495773914,1
4.57880464143598,1
4.35484192335017,1
5.28386926595323,0
5.33851953068677,1
4.97109088607067,0
4.96903322804315,0
5.28493872525823,0
4.68524974863365,1
4.69413398301323,0
4.19908633648643,1
3.93376898010152,0
2.33940061483554,1
4.09264076185622,0
6.41680645080336,1
5.91067882980125,1
5.98645385804258,1
4.14149998744196,0
5.88243618618185,0
3.88685158458441,1
6.49029562970506,0
6.35548544631022,0
3.94160079850105,0
4.2305983647988,1
5.00821772623722,0
4.32965421570584,0
6.48760363526031,0
3.91616025222349,0
5.40284404484138,0
5.48516769291731,1
4.58573676612028,1
6.07666074252405,1
3.13158044698227,1
4.84492271074227,1
5.23883391707478,0
4.09794051243017,1
4.39543927281288,0
3.34517601331391,1
4.95815861877428,0
5.39434315439718,1
7.25802688568909,1
5.56165602198029,0
5.79537516009684,1
3.19517868586407,1
4.08729354490061,1
5.26077384399142,1
4.54732806894932,1
7.59670148312787,1
2.87270452510276,1
4.68104108993101,0
4.90652818596821,1
4.16195674655555,0
4.26790765521287,0
5.00373528314506,1
4.60139040083749,1
5.7791853149732,1
3.9132805681177,1
4.29652164265416,0
4.62988588659884,1
6.92905591617657,0
4.08206786619653,0
4.77023585686698,0
3.5758217217799,0
5.76111593759618,1
5.21563012579833,1
5.7082321753223,1
5.94723977222676,1
4.95496637979009,0
5.38602516842516,1
5.08910378420133,0
4.92924393466927,1
5.24999548650039,1
3.84155959060025,0
4.82477584841626,1
5.989686872723,1
6.51194104090283,0
4.64447981497507,0
4.63036359395989,0
6.02342946120225,0
5.74732021724821,1
4.9714211967015,0
4.15634067220104,0
6.00296138686662,1
4.46825979753084,1
4.29708605611592,1
5.20922181609164,1
5.75933515256883,1
5.49968516098723,1
3.71723872313521,1
6.38932791769899,0
4.97806604810194,1
5.61071699764413,1
5.29820231217797,0
4.59465622465421,1
5.17188337049126,0
3.98824158051189,0
5.06931538169757,0
5.45283746861942,0
6.63855588053623,0
4.99431744984291,1
5.75408789830272,1
4.48367289605877,0
4.01092575184688,1
7.02074483199628,1
4.21859931013194,1
4.99215472405507,0
4.82319931178295,0
4.80302228916438,1
5.34306729956948,1
3.51815637208117,0
5.93545952687473,1
6.57711467480239,0
5.73755264060954,0
5.2040684093864,1
3.49129790481982,1
4.7414133542803,1
3.6689834966143,0
3.69614878963743,0
4.79333596819271,0
4.6318569725002,1
3.0695562688861,1
4.98806799805446,1
3.45945833586211,1
3.57728165990065,1
5.27532129827323,1
5.42015142275978,1
4.22574856644666,1
4.4493241539867,0
5.61979343532306,1
3.83297468867392,0
4.94034330843062,0
4.38164530780661,1
5.96328155346773,1
4.71994067397115,1
4.55407989138609,1
6.33525097754803,0
3.81448442473982,1
7.00771618191698,1
3.50257790906988,0
4.48119171635841,1
5.3329965391946,1
4.20627004512798,1
5.26823511001108,1
4.62811979864556,1
5.60021995240714,0
5.47587642239142,1
5.41061814813862,1
3.3446825443058,0
5.70737469450667,0
6.53950888928129,0
5.81666181033252,1
4.27002905276064,0
4.91509561962033,1
5.60213372759569,1
6.36938820049326,0
4.96172557823318,1
5.60113208333869,0
4.7990216993123,0
6.64666689019025,1
5.41538817368076,0
3.41170956666439,0
5.2396757528509,1
3.84237186777478,0
4.18308402790611,1
5.33186386926167,1
4.77668448851056,1
5.29501924920189,1
4.16684249120633,0
5.68667851603369,1
4.18136297698114,0
5.21340772047547,1
6.84905404955072,0
5.66862649648949,0
5.25065545350182,1
4.33933111660188,1
5.84072895164,0
4.79410616578373,1
4.08264506099613,0
6.67400717184625,1
4.29823006454753,1
6.82051627258173,0
5.25043662145726,0
5.21169187196371,1
5.67259384611677,1
6.46710011090339,1
6.50208965243112,0
4.02055560926621,0
4.57414388946765,1
3.73628742338839,0
3.76564083024435,0
5.91975722598369,1
4.18643610462782,1
4.34466796986855,0
5.75074009801451,0
5.74357473039872,0
5.27978619396964,1
4.06072904282234,0
5.48640055898425,0
3.40352535360362,0
4.41318692745309,1
4.8407169867775,0
6.73014990217188,1
5.6632698741606,1
4.86654444284239,1
3.98078107045303,1
6.34395838209873,1
5.03508796618846,1
4.42191570547863,0
4.45277659213283,1
5.14393134501862,1
4.01652481480409,0
5.42369835488409,0
5.9617225885238,0
4.26112028915515,1
6.78814231517901,0
4.66283533420405,0
6.51761906518467,1
5.55794990810511,1
7.13230239719864,0
4.00187542015362,1
4.17490539297687,0
4.27713091874093,0
4.79963371169892,0
5.66029635153592,0
3.16955501731766,1
4.76617487081228,1
5.80147946223691,1
5.63857265964223,1
3.7414564024572,0
5.35544529108681,0
4.64613908526338,0
5.79606668010396,0
3.70765258099971,1
5.80674101727284,0
7.5289091812558,0
5.32081629704911,1
4.18529300459847,1
5.96394372527936,0
5.25065597971037,1
6.55062914816348,0
5.88609021204853,1
5.45632569294526,1
4.09367946482747,0
8.37681328533987,1
5.57916898900271,0
4.50242641816858,0
5.48205789754155,1
5.17101110664104,0
4.99323719500343,0
6.04635094684923,0
6.55591133666224,0
5.57752591007065,0
4.55939988462832,1
4.85672827776491,1
4.39991169189997,1
5.48140980314385,0
4.42622103539001,0
2.58041288078909,0
2.94945345274304,0
4.3016876116311,1
6.96706316637614,1
4.96833602513327,0
7.31978153939312,1
6.49237153280803,1
5.62793192526107,1
4.64453017792773,1
6.20743180238671,0
4.99687186272423,0
6.83368799045216,1
4.15947169994076,1
5.89616818589561,0
4.15942404377037,1
5.66644514282838,1
6.1168627255869,1
3.67898706437222,1
5.52319794496222,1
6.6350169547935,1
5.65080119402559,0
5.12637170124447,1
5.59049563033874,0
4.83277262795175,1
5.84993839087214,1
4.87875628144706,0
5.56629540680295,1
5.49863875585635,1
4.35572007677286,1
6.76374592862124,1
3.66273513148661,1
4.8755278016738,0
2.61494475807647,0
5.79679163169816,0
5.71550935966722,1
4.8404768883941,0
4.17743298455025,1
7.39110818014357,0
4.6187466811917,0
4.52166858585781,0
5.63809060403286,0
5.29891899075255,1
5.99948721150385,0
6.5083289302207,1
6.50700908928543,0
5.20764314999985,1
4.35200403575132,1
4.01322278195491,0
5.56083724899687,1
5.21395380081485,1
6.37046903697286,1
3.22103033322061,1
6.3140247201869,1
5.54702779434706,0
6.16444580832146,0
3.45075615564631,0
4.64478033220579,0
4.42877858505317,0
4.93223908108242,1
4.85684946143657,1
3.93069968898633,1
5.18784719356628,1
5.43162029054912,0
4.4697279212984,0
5.91505009808631,1
5.45668372339508,0
5.85384917552398,1
6.56187055469604,0
4.60560226774078,0
3.64976466632316,0
5.39179775099496,0
4.26758380079542,0
4.74020714055679,0
3.74699378325047,0
4.49466076079843,0
5.21943248404782,1
5.01275093002726,0
4.86562492970422,0
3.78393072927075,0
7.01053451261642,0
4.13733779528953,0
3.49674197108289,0
5.18542838953888,1
4.86991509096017,0
4.91870698627184,0
2.94465624244237,0
6.5903700274342,0
4.08665202691327,0
4.46837151694346,1
3.86868593753329,1
2.98986223038405,0
5.84058758029631,0
5.74627495198752,0
3.78428207359794,0
3.32341793115584,0
5.69799210970496,1
5.51230116541352,1
4.9384979772063,1
3.41048746075804,1
4.88035225852576,1
4.84362932627178,0
5.18360092225473,0
4.21722481933237,0
3.62465544380322,1
4.45270329357186,0
3.91211816475413,1
5.5027151844387,0
4.46112566852471,1
3.58574149775954,1
4.61764220624062,1
5.70342861721656,0
4.7830959075059,1
3.81545723457221,1
4.19124206246912,0
6.64455625393318,0
5.87309788340986,0
3.5066084215833,0
4.95729694893059,0
4.98654742992716,0
3.83243478254508,0
4.48358772911436,0
3.93769708475561,0
7.27062069828183,1
3.5792612590498,0
4.83106904222715,1
5.24047552655904,1
3.89136525994019,1
4.33135238310492,1
7.19659271149009,0
4.14455642599669,0
3.99566046698396,1
5.52704568436776,1
4.48180900617559,0
6.35416586242945,0
5.55446388546921,1
5.07056784111414,1
5.61451510462751,1
6.18721802672259,1
4.65554397528259,1
4.39272665223428,0
5.1173795223195,0
5.15739199949368,1
7.01428879878198,1
5.96482657143637,0
5.46999536282232,1
3.85797281550348,1
5.25845412323753,0
5.46354274886619,0
6.66127797267984,0
4.35778709069202,0
5.22562848127431,1
5.74572995080108,0
5.35023423355451,0
3.60903573384349,1
5.07771990836007,1
4.9629849469858,0
3.84422343001747,0
5.08381982213091,0
4.27451948138852,0
4.09302867192983,1
4.55786556634837,0
7.01723930304357,1
5.17455220133449,1
5.38102313736474,0
4.48026242476712,0
3.80205202139819,0
4.72279889752486,1
4.08398073958113,0
5.69918477118013,1
4.95277921042843,0
5.25441803695237,1
6.74636453323267,1
5.09706749559341,0
4.90004595381984,1
3.19996929220541,1
5.85813725886755,1
7.18782411050732,0
3.85669349308361,1
5.92181863982357,1
5.57272950909999,0
5.87349151199495,0
4.90648103482031,0
5.78509960910692,0
4.8999282280191,1
7.26642556877504,0
4.68236417668565,0
6.45376182372109,1
4.93733376198835,0
5.35331193729115,1
4.46662872255922,1
4.91945393179657,1
5.52222656781776,0
4.65755916988091,0
4.18320798677525,0
4.58462910257945,1
7.01881305435978,0
5.21004984157401,1
3.86118441645352,1
4.62765935264895,1
5.92482309676457,1
5.59664639399252,1
4.17505402680591,1
5.88922048189988,1
6.84494716930004,1
5.29088212484474,0
6.46012647358648,0
4.97924146132149,1
5.78785857808818,1
4.67182651366412,1
7.6436968694231,1
5.05724861491005,1
6.12299957822027,1
5.33216853121784,0
5.94471031004921,0
6.81898677699134,1
4.21390505923919,1
3.6627987409475,1
5.70730116232704,0
4.68774518532789,0
5.95727263761776,0
5.28933383075286,1
6.38557083420852,1
4.11855349826065,0
6.8049468660783,0
4.51760452731658,1
3.98812402583314,0
5.24081479260949,1
4.8607131205769,0
5.20263114720777,0
4.45729292733869,0
5.82823164461849,1
5.32069609426442,0
4.52063682686285,1
6.70304687008687,1
4.70050776275407,0
6.5819616759899,1
6.37093571373835,1
5.28204182003731,1
5.61111220756744,1
6.28114091160082,0
4.86125410264835,1
5.28922914638855,1
5.56573555226293,0
6.93027480979128,0
4.68257704144915,0
6.12409218156955,1
7.28039508580342,1
2.88390699531036,0
5.63965080703252,0
4.24269493362261,1
3.80908160324294,1
4.88349536958583,0
4.38407513041969,1
6.64371019434398,1
6.2248921602398,0
4.98446411074082,1
5.81406681679733,0
5.43962548972776,0
6.59011845398329,0
4.61804419062508,0
7.38067805461879,0
5.08130654559099,0
3.59573194611589,0
5.25431642249938,1
3.31986200815106,0
4.37617845472815,0
4.8805686407063,0
5.90114996804614,0
5.92291549072017,1
5.83541888863544,1
5.65711774912926,1
5.65957598554009,0
4.64957688023479,0
4.84748930522967,1
3.98550353179006,0
3.80790930521908,0
5.73889062958478,0
7.02799006247228,0
4.00256340193844,0
4.52432195193965,1
5.31398106946796,0
4.0131160249273,1
3.71155870025192,0
3.6860416684063,0
6.47689083600815,0
5.28859731633315,0
3.56260825159825,1
5.57016177812838,1
3.91720139694795,1
4.56957503156102,0
4.82720312185546,1
5.40997223379269,0
5.34426845098121,1
5.10129382686886,1
5.17551998096348,1
3.89566430472189,1
4.37131554279659,0
6.17017746740674,0
5.90429684645112,0
6.71128490956859,0
5.51184900046446,1
4.88608396966579,1
4.58441694384871,1
5.43506265947296,0
4.30151084304392,0
5.21365432899744,1
5.7330922141836,1
5.75708386810269,1
5.79862702623886,1
4.94439669784536,1
