<?xml version="1.0" encoding="UTF-8"?><Properties xmlns="http://schemas.openxmlformats.org/officeDocument/2006/custom-properties" xmlns:vt="http://schemas.openxmlformats.org/officeDocument/2006/docPropsVTypes"><property fmtid="{D5CDD505-2E9C-101B-9397-08002B2CF9AE}" pid="2" name="abstract"><vt:lpwstr>要旨：本稿では，実際の企業の人事データを利用して，成果報酬制度が従業員の生産性に与える効果を検証する．本稿では，実際の企業の人事データを利用して，成果報酬制度が従業員の生産性に与える効果を検証する．本稿では，実際の企業の人事データを利用して，成果報酬制度が従業員の生産性に与える効果を検証する．本稿では，実際の企業の人事データを利用して，成果報酬制度が従業員の生産性に与える効果を検証する．本稿では，実際の企業の人事データを利用して，成果報酬制度が従業員の生産性に与える効果を検証する．</vt:lpwstr></property><property fmtid="{D5CDD505-2E9C-101B-9397-08002B2CF9AE}" pid="3" name="bibliography"><vt:lpwstr>bibliography.bib</vt:lpwstr></property><property fmtid="{D5CDD505-2E9C-101B-9397-08002B2CF9AE}" pid="4" name="date"><vt:lpwstr>最終更新：2022年5月16日13:29</vt:lpwstr></property><property fmtid="{D5CDD505-2E9C-101B-9397-08002B2CF9AE}" pid="5" name="output"><vt:lpwstr></vt:lpwstr></property><property fmtid="{D5CDD505-2E9C-101B-9397-08002B2CF9AE}" pid="6" name="subtitle"><vt:lpwstr>人事データを用いた定量的な評価</vt:lpwstr></property></Properties>